time,r_unvacc,r,susceptibility,cor,ior,cor_unvacc,ior_unvacc
0,3.0,1.315220168036696,0.43840672267889863,0.16353728288964853,0.14480003720710308,0.44929131458251564,0.4495501143604766
1,2.999923847578196,1.320562774646406,0.4401987656161609,0.1651016037128718,0.14674083374615893,0.4492149602666095,0.4495429709293819
2,2.9996954135095475,1.3258728286438253,0.44200248554322275,0.1666481441867182,0.14865671129567687,0.4491243015409923,0.44952154106410674
3,2.999314767377287,1.331152632478395,0.4438189172263519,0.16817658690241774,0.150548874547836,0.4490193389307141,0.4494858260494997
4,2.9987820251299127,1.336403958540438,0.44564891590696476,0.16968669722447555,0.1524183095419483,0.44890007385875264,0.4494358280297053
5,2.9980973490458727,1.3416210922913026,0.4474908370531283,0.1711783765668371,0.15426333876515572,0.44876650865821777,0.44937155001226065
6,2.9972609476841368,1.3467992460554625,0.4493433403241317,0.1726514663128369,0.15608265415843978,0.4486186465862684,0.4492929958738357
7,2.9962730758206613,1.3519417988805262,0.4512078053867762,0.17410567115922626,0.1578778238491376,0.4484564918397589,0.44920017036761206
8,2.9951340343707855,1.357052198090853,0.4530856324017369,0.17554077095797216,0.15965040041106932,0.44828004957262185,0.449093079132309
9,2.9938441702975687,1.362124107712188,0.45497495201188165,0.1769566973150219,0.16139853677877888,0.4480893259150012,0.4489717287028594
10,2.992403876506104,1.3671524907680206,0.45687432151180474,0.1783533360208658,0.1631208760935718,0.4478843279941487,0.44883612652273297
11,2.990813591723832,1.3721401197583607,0.45878490172551767,0.17973042348847645,0.16481874539844185,0.4476650639570921,0.4486862809579203
12,2.989073800366903,1.3770912120219012,0.46070833441879755,0.18108774905888478,0.1664939269626617,0.44743154299509597,0.44852220131257353
13,2.9871850323926177,1.3820000734639526,0.46264294259570016,0.18242525891128547,0.16814483717071876,0.44718377536992326,0.44834389784631357
14,2.985147863137998,1.3868611220939102,0.46458707765183765,0.18374287025279476,0.16976996746750256,0.4469217724419112,0.44815138179320696
15,2.982962913144534,1.3916765814366117,0.46654169762022135,0.185040361212499,0.17137043090675408,0.4466455466998842,0.4479446653824207
16,2.9806308479691594,1.3964506179184712,0.4685084095099993,0.18631757717351707,0.17294795442914096,0.44635511179290727,0.44772376186055907
17,2.9781523779815178,1.4011771710591931,0.47048538597909473,0.1875745084911869,0.17450087469541478,0.44605048256390645,0.447488685515687
18,2.975528258147577,1.4058511272312324,0.47247110605713044,0.18881106108282628,0.17602787376167442,0.44573167508516537,0.4472394517030535
19,2.9727592877996583,1.4104770888968603,0.474467305403947,0.19002701290774873,0.17753080982214936,0.4453987066957153,0.446976076872516
20,2.969846310392954,1.4150576179678038,0.476475032736819,0.191222264665012,0.17901084176168963,0.4450515960406366,0.4466985785976747
21,2.9667902132486006,1.4195849360401995,0.4784918494408038,0.1923968459883695,0.18046578844936353,0.4446903631122879,0.44640697560672643
22,2.9635919272833937,1.4240554208285245,0.4805167026264305,0.19355066413912306,0.1818948390104531,0.4443150292934763,0.4461012878150429
23,2.9602524267262202,1.428475056306671,0.4825517727508256,0.19468354069630506,0.18330024454165952,0.44392561740258923,0.4457815363594853
24,2.9567727288213,1.4328438223715567,0.48459721249619053,0.1957954310660138,0.18468231351470168,0.44352215174070303,0.4454477436344575
25,2.953153893518325,1.4371546198309566,0.486650771226406,0.19688636042528432,0.18603912420174495,0.4431046581406827,0.44509993332971093
26,2.949397023149584,1.4414062932932419,0.48871219506216285,0.19795623709265608,0.18737064826801936,0.44267316401829304,0.4447381304699067
27,2.945503262094184,1.4456036364647662,0.49078324070059787,0.19900494160574758,0.18867870507363896,0.44222769842533316,0.44436236145594277
28,2.9414737964294635,1.4497445022852153,0.49286330683788576,0.20003246322828716,0.1899629292531164,0.4417682921048103,0.4439726541080549
29,2.937309853569698,1.4538240690918802,0.4949508705474348,0.20103881240100605,0.19122213673049862,0.44129497754817326,0.443569037710696
30,2.933012701892219,1.4578422843989614,0.49704601806137466,0.20202390778504742,0.19245662488176965,0.44080778905461165,0.44315154305920573
31,2.9285836503510563,1.461802444965988,0.4991499712807447,0.20298769868867161,0.19366770478021456,0.4403067627924413,0.4427202025082725
32,2.924024048078213,1.4657008879153242,0.5012615709773803,0.2039302479130372,0.1948545471938443,0.43979193686258533,0.44227505002219486
33,2.9193352839727122,1.4695334541460958,0.5033794721058261,0.20485157387983827,0.19601618480926494,0.43926335136416517,0.4418161212269502
34,2.9145187862775206,1.473302678986885,0.5055046088306796,0.2057515650149227,0.19715367987409468,0.4387210484622097,0.44134345346407333
35,2.909576022144496,1.4770123766949448,0.5076383519294734,0.20663018804308392,0.1982684568054745,0.4381650724574964,0.44085708584635097
36,2.9045084971874733,1.4806567463969085,0.509778762166017,0.2074875672925768,0.19935904191471926,0.4375954698585279,0.4403570593153314
37,2.8993177550236466,1.4842307034681914,0.5119241245277326,0.20832374627659214,0.20042419557775387,0.43701228945565374,0.4398434167006585
38,2.8940053768033613,1.487739079021583,0.5140761281739216,0.2091386216642814,0.20146563185376495,0.4364155823973436,0.43931620278122574
39,2.8885729807284855,1.491185677870503,0.5162361096012303,0.20993221195730657,0.2024847312953921,0.4358054022686124,0.43877546434814974
40,2.8830222215594894,1.4945628947269012,0.5184014481575725,0.21070468918759133,0.20347949550467986,0.4351818051715992,0.4382212502695695
41,2.877354790111386,1.4978667591890371,0.5205707562851687,0.21145610632697165,0.204449017225446,0.4345448498083009,0.437653611557258
42,2.871572412738697,1.501103809115988,0.5227462843900024,0.21218639553835617,0.20539546507711473,0.4338945975654543,0.437072601435052
43,2.865676850809585,1.5042758851295555,0.5249286515695519,0.2128956099961667,0.2063196064633534,0.43323111260156383,0.4364782754090864
44,2.8596699001693255,1.507376393670813,0.5271155225229174,0.21358390833447086,0.2072197500487949,0.43255446193606106,0.4358706913398304
45,2.8535533905932735,1.5104031033787844,0.5293060604220063,0.21425134841164098,0.20809548368105915,0.4318647155405885,0.4352499095159131
46,2.8473291852294986,1.513361382680569,0.5315020793981676,0.2148979436262891,0.2089485842198705,0.4311619464323898,0.43461599272972673
47,2.8409991800312495,1.516250478993709,0.5337032441442067,0.2155238135008604,0.20977904454194954,0.4304462307697867,0.4339690063547961
48,2.8345653031794296,1.5190658597176592,0.5359078720161352,0.2161291021288644,0.21058577214892188,0.4297176479497203,0.4333090184248921
49,2.828029514495254,1.5218081152236118,0.538116065417098,0.21671385438449306,0.21136914486562475,0.4289762807073285,0.4326360997148749
50,2.82139380484327,1.5244812871580402,0.540329139640514,0.21727812802026278,0.21213051292971916,0.42822221521752923,0.43195032382324505
51,2.814660195524919,1.527083027188573,0.5425461409574452,0.21782209726420304,0.21286939443323216,0.4274555411985695,0.43125176725636943
52,2.807830737662829,1.5296092793268041,0.5447654870392986,0.21834591396937994,0.21358482574641546,0.4266763520175011,0.43054050951436523
53,2.800907511576024,1.5320626030083284,0.5469879304034079,0.21884961521146087,0.21427771502165002,0.4258847447975347,0.4298166331786015
54,2.7938926261462367,1.5344470716409608,0.5492147612549823,0.21933330226411552,0.2149493819457224,0.4250808205272183,0.4290802240007842
55,2.7867882181755235,1.5367583505066627,0.5514442541718365,0.2197972195248992,0.21559876890625054,0.42426468417137925,0.4283313709935921
56,2.7795964517353733,1.5389924135437798,0.5536747654800565,0.22024155359885098,0.21622491087856685,0.4234364447837682,0.4275701665228095
57,2.7723195175075133,1.5411537360693897,0.5559076889719343,0.22066636097548964,0.21682922144033012,0.4225962156213254,0.4267967064009194
58,2.764959632116603,1.5432465142048153,0.5581443201843224,0.22107177959329102,0.21741301840336807,0.42174411425999525,0.4260110899820963
59,2.7575190374550274,1.5452656288594986,0.5603825786405656,0.22145807089750374,0.21797501353176363,0.4208802627119953,0.4252134202585492
60,2.75,1.5472084333374765,0.5626212484863551,0.22182542746018788,0.2185146113206997,0.4200047875444473,0.424403803958148
61,2.7424048101231686,1.5490797340198623,0.5648618060695019,0.22217395883769397,0.21903328003439418,0.41911781999926223,0.42358235164327007
62,2.734735781392945,1.5508816119121887,0.5671047354791412,0.22250386177260698,0.2195317183340464,0.41821949611416864,0.4227491778107961
63,2.7269952498697734,1.5526101329932225,0.569348308570529,0.222815421210568,0.22000895606250315,0.41730995684475575,0.4219044009931717
64,2.7191855733945385,1.5542637765369833,0.5715916529362479,0.22310884005885384,0.22046469029005925,0.4163893481874028,0.4210481438604599
65,2.7113091308703496,1.5558477736472391,0.5738363641138187,0.22338426616585746,0.22090047142050015,0.4154578213029471,0.42018053332328936
66,2.7033683215379,1.5573629623427558,0.5760824190825757,0.22364193803452104,0.22131662932484647,0.4145155326409381,0.4193017006366039
67,2.6953655642446375,1.558806037547543,0.5783282454246204,0.22388214949946594,0.22171235237910522,0.4135626440643103,0.41841178150411307
68,2.687303296707956,1.5601768340402478,0.5805734082756945,0.2241051091349833,0.22208768871621778,0.41259932297429763,0.4175109161833312
69,2.6791839747726502,1.5614802816419222,0.5828193570672675,0.22431100311197802,0.22244407379797373,0.41162574243539785,0.41659924959109385
70,2.671010071662834,1.5627162502820267,0.585065652451531,0.22450012528595328,0.2227815503248648,0.41064208130018837,0.4156769314094223
71,2.6627840772285785,1.563881344521444,0.5873106114368571,0.2246728067128829,0.22309926696290136,0.40964852433377286,0.4147441161916105
72,2.6545084971874737,1.5649767029000026,0.5895542261620708,0.22482929436614726,0.22339760660867053,0.40864526233763276,0.41380096346839407
73,2.6461858523613686,1.5660068601261454,0.5917977600585737,0.22496982230669307,0.22367786959042324,0.4076324922726387,0.4128476378540525
74,2.6378186779084993,1.5669717837737984,0.5940407492361207,0.22509471232443515,0.2239401061338482,0.40661041738096837,0.4118843091522937
75,2.6294095225512604,1.5678689336085854,0.5962817583802296,0.22520428713052,0.2241836820588887,0.40557924730665157,0.41091115246175586
76,2.6209609477998344,1.568700779085813,0.5985212333677306,0.22529880358195029,0.22440932003426178,0.40453919821446427,0.409928348280954
77,2.6124755271719327,1.5694707923192182,0.6007599979388928,0.2253785691618719,0.2246180080404638,0.40349049290686345,0.4089360826124931
78,2.60395584540888,1.5701769690059355,0.602996771920832,0.22544398201730964,0.22480924492793306,0.4024333609386463,0.4079345470663559
79,2.595404497688272,1.57081789393572,0.6052304738374493,0.2254953892485364,0.2249826869843483,0.40136803872900256,0.4069239389620698
80,2.5868240888334655,1.5713981004495503,0.6074622960381415,0.2255330622791658,0.22513959604327866,0.4002947696706105,0.4059044614295417
81,2.578217232520115,1.571920772228524,0.6096929119863292,0.225557353918991,0.2252808628179044,0.3992138042354078,0.40487632350834724
82,2.5695865504800333,1.5723828955900252,0.6119205812687193,0.22556870367061543,0.2254056993756432,0.3981254000766614,0.40383974024524466
83,2.560934671702574,1.5727838231164157,0.61414445299801,0.22556746641418657,0.2255139550720157,0.3970298221269357,0.40279493278968004
84,2.552264231633827,1.5731294897316161,0.6163662328663284,0.22555392940359098,0.22560725262199524,0.39592734269154983,0.4017421284870362
85,2.543577871373829,1.573422219171899,0.6185862193879157,0.2255284818824639,0.22568623534386828,0.39481824153709044,0.40068156096937213
86,2.534878236872063,1.5736584977528068,0.6208024018126558,0.22549158852402484,0.22574996890272778,0.39370280597454255,0.3996134702433856
87,2.526167978121472,1.5738387750494496,0.6230143001890949,0.22544364936480563,0.22579858598581545,0.3925813309365762,0.3985381027753261
88,2.5174497483512503,1.573968062268673,0.6252232296988289,0.22538503301255977,0.2258334463689675,0.3914541190485157,0.39745571157257537
89,2.508726203218642,1.574047710662601,0.627429054889741,0.22531617150380187,0.2258549199989757,0.3903214806925086,0.39636655626160044
90,2.5,1.5740765455823884,0.6296306182329554,0.22523751644532075,0.22586269359930164,0.3891837340643883,0.3952709031619759
91,2.4912737967813583,1.5740564926021556,0.6318279807846827,0.2251494711781944,0.22585728754549877,0.38804120522272584,0.39416902535616793
92,2.4825502516487497,1.5739911879799342,0.6340218841228252,0.22505245282378752,0.2258396813704159,0.38689422812954183,0.39306120275475664
93,2.473832021878528,1.573880934391866,0.6362117235416511,0.2249469549012542,0.22580995415311247,0.38574314468215004,0.3919477221567667
94,2.465121763127937,1.573724761798501,0.6383963605114732,0.22483346576658755,0.22576784003503952,0.38458830473559036,0.39082887730477633
95,2.456422128626171,1.5735257226725032,0.640576269174283,0.22471240271718473,0.22571415624563493,0.38343006611510183,0.38970496893444967
96,2.447735768366173,1.5732881619827905,0.6427524499643753,0.22458421299330747,0.2256500677812413,0.38226879461808433,0.38857630481815025
97,2.439065328297426,1.5730114632551246,0.6449238751440722,0.22444943388281233,0.22557540039651583,0.38110486400499055,0.38744319980227215
98,2.430413449519967,1.5726946416223124,0.6470893427342317,0.22430858054338842,0.2254898788819096,0.37993865597859033,0.38630597583792337
99,2.4217827674798844,1.572341659291201,0.6492496686345594,0.22416208353415526,0.22539456242000722,0.3787705601510504,0.38516496200459266
100,2.413175911166535,1.5719571616981933,0.6514059561195874,0.22401040753525742,0.22529069517752195,0.3776009739982711,0.38402049452642456
101,2.404595502311728,1.5715401848755288,0.6535569842681161,0.22385410385414503,0.22517800612565203,0.37643030280093914,0.38287291678072255
102,2.39604415459112,1.5710900587409056,0.6557016304271774,0.2236937103196831,0.22505630234699087,0.3752589595717454,0.38172257929829445
103,2.3875244728280673,1.5706106609050516,0.6578406541084096,0.22352972438953364,0.22492662014053985,0.37408736496824635,0.3805698397552618
104,2.379039052200166,1.5701048689888923,0.659974399132641,0.22336266693880044,0.22478972639287248,0.3729159471908511,0.37941506295593763
105,2.3705904774487396,1.5695731251109157,0.6621021808879072,0.22319308298260174,0.22464572927496154,0.3717451418654347,0.37825862080639305
106,2.3621813220915007,1.5690169449889566,0.6642237538309431,0.22302149479731798,0.2244950276060762,0.3705753919101029,0.3771008922783213
107,2.353814147638632,1.5684395199927421,0.666339575520954,0.22284841822219378,0.22433847506301513,0.3694071473856541,0.3759422633628165
108,2.3454915028125263,1.5678425277593693,0.668449459688657,0.22267440641624014,0.22417651620255502,0.36824086532931627,0.37478312701368643
109,2.3372159227714215,1.5672266074906303,0.6705527684546346,0.2225000360124851,0.22400931437333524,0.3670770095713614,0.37362388307991945
110,2.328989928337166,1.5665932877232314,0.6726492324686588,0.22232584852229986,0.22383727470735257,0.3659160505342424,0.3724649382269391
111,2.3208160252273498,1.5659463006365124,0.674739524208133,0.22215236962199944,0.22366140238711615,0.3647584650139328,0.3713067058462773
112,2.312696703292044,1.5652877037698434,0.6768235979848591,0.22198018131889297,0.22348224948103404,0.363604735943191,0.37014960595331725
113,2.3046344357553634,1.564617161373799,0.6789003657584343,0.2218098845537554,0.22329971776025306,0.3624553521365221,0.3689940650727554
114,2.2966316784621,1.5639367769877222,0.6809697835549258,0.22164200639320875,0.22311437332840317,0.3613108080166545,0.36784051611145707
115,2.2886908691296504,1.5632517982243743,0.6830331781848948,0.22147705580424407,0.2229276412622593,0.36017160332240533,0.3666893982183844
116,2.280814426605461,1.5625635276900254,0.685090163172806,0.22131561306420008,0.2227398741442623,0.35903824279786717,0.3655411566312909
117,2.2730047501302266,1.5618711109313435,0.6871393959215701,0.2211582769398192,0.22255083646495544,0.3579112358629092,0.3643962425099076
118,2.265264218607055,1.5611771249519262,0.689181028918524,0.2210056007501896,0.22236122987637977,0.3567910962650453,0.36325511275534356
119,2.2575951898768314,1.5604854870468228,0.6912158096562736,0.2208581360377765,0.22217212470431388,0.3556783417127977,0.3621182298154675
120,2.25,1.5597973791289301,0.6932432796128578,0.22071645918770907,0.22198384571706165,0.3545734934907455,0.36098606147604306
121,2.242480962544973,1.559114025975064,0.6952629930938804,0.2205811308681035,0.22179673037252928,0.35347707605652334,0.35985908063742644
122,2.235040367883397,1.5584384662277058,0.6972753103799914,0.22045269068151266,0.22161161431327342,0.35238961662011054,0.35873776507665556
123,2.2276804824924863,1.5577731527290994,0.6992803343979352,0.22033169752457968,0.22142917486707128,0.3513116447058258,0.3576225971947939
124,2.2204035482646267,1.5571190520996967,0.7012775012527227,0.22021872847517654,0.22124968323735056,0.3502436916975137,0.35651406374942346
125,2.213211781824477,1.5564777941467878,0.7032665409289003,0.22011433165025365,0.22107359345566768,0.3491862903674995,0.3554126555722074
126,2.2061073738537633,1.5558526719892407,0.7052479359929712,0.22001902613175467,0.22090181787751725,0.34813997438995553,0.35431886727149037
127,2.1990924884239758,1.5552463224333464,0.7072218793071069,0.21993336330034982,0.22073509057940185,0.3471052778394054,0.3532331969199281
128,2.192169262337171,1.5546591149650413,0.7091875347743672,0.21985792691064077,0.22057352322382293,0.346082734675169,0.3521561457271889
129,2.185339804475081,1.5540921938879209,0.711144413653882,0.21979324530086183,0.2204174408148784,0.34507287821263105,0.35108821769780113
130,2.17860619515673,1.5535501644156071,0.7130936136458769,0.21973979157391732,0.2202681224847083,0.3440762405822804,0.35002991927426974
131,2.171970485504746,1.5530360881493463,0.7150355396235667,0.21969807837316743,0.22012642426302056,0.34309335217754966,0.348981758965625
132,2.165434696820571,1.5525494879995125,0.7169689717630666,0.21966865236443645,0.21999222725114173,0.3421247410925459,0.34794424696161413
133,2.159000819968751,1.552091659127316,0.7188935014623018,0.21965201332121498,0.21986590074645027,0.3411709325508342,0.3469178947327921
134,2.1526708147705014,1.5516668791136774,0.7208101064347371,0.21964863899779963,0.21974863756014862,0.3402324483264925,0.3459032146168183
135,2.1464466094067265,1.5512767969464039,0.7227185573347076,0.21965903562474823,0.2196409056783263,0.3393098061587149,0.3449007193913116
136,2.1403300998306745,1.5509219712068556,0.7246181191067452,0.2196836984049854,0.21954287150558024,0.3384035191612964,0.3439109218336739
137,2.134323149190415,1.5506051196672208,0.7265090669402109,0.21972307429275761,0.21945529747735365,0.3375140952283716,0.34293433426833186
138,2.128427587261303,1.5503296657909016,0.7283920181591644,0.2197776095698882,0.21937914097529715,0.3366420364378232,0.3419714681019083
139,2.122645209888614,1.550096570474871,0.7302664445539688,0.21984777880267706,0.21931467795265258,0.33578783845381555,0.3410228333468858
140,2.116977778440511,1.549906594956456,0.7321317260581769,0.21993403368961373,0.2192621278235836,0.3349519899299239,0.3400889381343673
141,2.1114270192715145,1.5497627505621718,0.7339883104730144,0.22003677798992471,0.21922233110728062,0.3341349719143643,0.339170288216607
142,2.105994623196639,1.5496681498887974,0.7358367076629061,0.2201564245599673,0.21919615504281614,0.3333372572588293,0.33826738646002014
143,2.1006822449763534,1.5496234038000787,0.7376762513730496,0.2202934201142528,0.21918377284237195,0.3325593100324523,0.3373807323294442
144,2.0954915028125263,1.5496291025559346,0.7395062688042656,0.22044817712478657,0.21918534984328653,0.3318015849424115,0.33651082136446736
145,2.090423977855504,1.5496886570722392,0.7413274405042047,0.2206210388326679,0.2192018296197466,0.3310645267626819,0.3356581446486922
146,2.0854812137224794,1.549805747641393,0.7431405938560661,0.22081234901390412,0.2192342275430049,0.33034856977242394,0.33482318827284824
147,2.0806647160272878,1.5499807727459425,0.7449449980126518,0.2210224836701543,0.21928264781348458,0.329654137205477,0.3340064327927177
148,2.075975951921787,1.5502141727238399,0.746739947198697,0.22125179244400353,0.21934720313778586,0.3289816407123886,0.33320835268287996
149,2.0714163496489437,1.5505090144086615,0.7485260095931154,0.22150058637054235,0.2194287292071373,0.328331479836381,0.33242941578731927
150,2.0669872981077804,1.5508677167799436,0.750303457694047,0.22176918523556943,0.21952787834318255,0.327704041504604,0.3316700827679901
151,2.062690146430302,1.5512907386182695,0.7520716290340254,0.22205790643228815,0.21964475683306842,0.3270996995359755,0.3309308065524582
152,2.0585262035705365,1.551779879846536,0.7538305206681152,0.22236702441120554,0.21977983735695183,0.3265188141668507,0.3302120317817828
153,2.054496737905816,1.552338095238763,0.755580705774733,0.2226967908675531,0.2199339064054459,0.32596173159570574,0.3295141942598228
154,2.050602976850416,1.5529668711623308,0.757322060239852,0.22304746847999915,0.2201073395436698,0.32542878354794447,0.3288377204051875
155,2.046846106481675,1.5536668399130908,0.7590540563812537,0.22341930786528783,0.2203002716123937,0.3249202868618695,0.3281830267070706
156,2.0432272711787,1.554439905299345,0.760776800126898,0.22381251656128065,0.22051318258577396,0.32443654309678377,0.3275505191862236
157,2.0397475732737798,1.555288782452776,0.7624908115255403,0.22422729295095567,0.22074676930187717,0.3239778381641065,0.32694059286234534
158,2.0364080727166063,1.5562143524483263,0.7641957293816398,0.22466386060706933,0.22100121709718185,0.32354444198230303,0.3263536312291678
159,2.033209786751399,1.5572168461027265,0.7658908865428985,0.22512242709651936,0.22127652687822305,0.32313660815634615,0.32579000573853056
160,2.0301536896070456,1.5582983526944696,0.7675765439197326,0.22560313353038572,0.22157320378970385,0.322754573682337,0.32525007529473116
161,2.0272407122003417,1.5594623449811025,0.769253663660139,0.2261060960646777,0.22189212398345445,0.3223985586778322,0.324734185760439
162,2.024471741852423,1.5607097142332298,0.7709219555740284,0.22663145120211256,0.22223344743578397,0.32206876613832425,0.32424266947544866
163,2.0218476220184822,1.5620404962403396,0.7725807223201614,0.2271793226605816,0.22259709351802834,0.32176538172025004,0.3237758447895372
164,2.0193691520308406,1.5634565632165995,0.7742301904752092,0.22774979442125975,0.2229834765648024,0.32148857355080046,0.3233340156106645
165,2.017037086855466,1.5649601588951971,0.7758707904250531,0.22834294200271169,0.22339310315888625,0.32123849206472543,0.3229174709697398
166,2.0148521368620016,1.5665518498799544,0.777502140836873,0.2289588416481908,0.2238260141772262,0.32101526986824397,0.322526484603137
167,2.0128149676073823,1.5682325061995326,0.7791240285060472,0.2295975411679316,0.2242823256600674,0.32081902163007603,0.3221613145541186
168,2.010926199633097,1.5700041100423983,0.7807368118874043,0.23025906070098653,0.22476244695708109,0.3206498439995527,0.3218222027942774
169,2.009186408276168,1.5718680836121472,0.7823405917625985,0.2309434191045228,0.22526662578904721,0.3205078155516561,0.32150937486606196
170,2.007596123493896,1.5738248701310917,0.7839350015241634,0.23165062490492758,0.2257948364458785,0.3203929967587911,0.32122303954741177
171,2.0061558297024313,1.5758756334983783,0.7855200529124023,0.23238064901572564,0.22634723974235338,0.32030542998900907,0.32096338853945705
172,2.004865965629215,1.5780223744057282,0.7870961956853189,0.2331334419570765,0.2269242120003538,0.32024513953032874,0.32073059617819105
173,2.003726924179339,1.5802659322119683,0.7886633219041029,0.2339089674721827,0.22752580707646217,0.3202121316407549,0.3205248191709594
174,2.0027390523158632,1.5826062846724966,0.7902209141238111,0.23470719144494048,0.228151839910324,0.32020639462351624,0.3203461963585328
175,2.0019026509541273,1.5850441658033185,0.791768853019836,0.23552803781716486,0.22880232053826832,0.3202278989269998,0.32019484850347213
176,2.001217974870088,1.5875817623773447,0.7933077667266131,0.23637138733475452,0.229477636668951,0.320276597268803,0.32007087810541174
177,2.000685232622713,1.590220597784984,0.7948379744375641,0.23723711925562418,0.23017798746818863,0.3203524247832765,0.3199743692438124
178,2.000304586490452,1.5929605840445478,0.796359011923983,0.2381251156874091,0.23090313517201025,0.32045529919188726,0.31990538744865216
179,2.0000761524218045,1.595802145905624,0.7978706930600303,0.23903523428535967,0.23165297088329787,0.3205851209956952,0.31986397959944773
180,2.0,1.5987466968798876,0.7993733484399438,0.23996731238637384,0.2324276377420168,0.32074177368919565,0.31985017385291087
181,2.0000761524218045,1.601794928899405,0.8008669704700302,0.24092118199009574,0.23322707903862924,0.32092512399475254,0.31986397959944773
182,2.000304586490452,1.604947112658283,0.8023513636361619,0.24189665982983227,0.23405111954276944,0.3211350221168178,0.31990538744865216
183,2.000685232622713,1.6082041139178882,0.8038266528361794,0.24289354041494463,0.23489973174193005,0.32137130201510783,0.3199743692438124
184,2.001217974870088,1.6115667871761634,0.8052929802815612,0.2439116085778792,0.2357728761259289,0.32163378169588575,0.32007087810541174
185,2.0019026509541273,1.6150354130961448,0.8067502245058732,0.24495064468550756,0.23667035594525399,0.3219222635204858,0.3201948485034722
186,2.0027390523158632,1.6186102445076762,0.8081982735773787,0.24601040804082855,0.23759196045660508,0.3222365345301905,0.3203461963585328
187,2.003726924179339,1.6222920974947161,0.8096373202946074,0.2470906279867429,0.23853761674280777,0.3225763667865774,0.3205248191709593
188,2.004865965629215,1.626081962674878,0.8110676676405857,0.2481910340597422,0.23950728781378675,0.3229415177264261,0.32073059617819105
189,2.0061558297024313,1.629979452990426,0.8124889546751696,0.2493113732747144,0.24050057696946256,0.3233317305302812,0.32096338853945705
190,2.007596123493896,1.6339840516332849,0.8139007803968062,0.2504513764511759,0.24151705107593005,0.3237467345037595,0.32122303954741177
191,2.009186408276168,1.6380966011102174,0.8153034453959219,0.25161072815125285,0.24255661718535657,0.3241862454706906,0.32150937486606196
192,2.010926199633097,1.6423185749682616,0.8166975870461632,0.25278909470564853,0.243619332624301,0.3246499661771781,0.32182220279427715
193,2.0128149676073823,1.6466498662059474,0.8180830790240533,0.25398615383425593,0.24470484853385602,0.3251375867056727,0.3221613145541186
194,2.0148521368620016,1.6510896842400675,0.8194594799455259,0.2552015756864699,0.2458126419615977,0.3256487848981593,0.3225264846031369
195,2.0170370868554657,1.6556384735414118,0.8208269864400611,0.2564350122845024,0.24694249548632718,0.32618322678755396,0.3229174709697398
196,2.0193691520308406,1.6602964946697347,0.8221857271613794,0.25768610797241165,0.2480941404679322,0.3267405670364324,0.3233340156106645
197,2.0218476220184822,1.6650635381526933,0.823535621586755,0.25895449739208093,0.24926718804804301,0.32732044938220517,0.3237758447895371
198,2.024471741852423,1.6699396083093658,0.8248767190898625,0.2602397994378149,0.2504612992022528,0.3279225070878774,0.32424266947544866
199,2.0272407122003417,1.674924894294708,0.8262091838500842,0.2615416297060916,0.2516761766880933,0.32854636339753723,0.324734185760439
200,2.0301536896070456,1.6800189237891907,0.8275328771362002,0.2628596068916922,0.2529113594600012,0.3291916319957344,0.32525007529473116
201,2.0332097867513994,1.6852211970278927,0.8288476713071934,0.264193335009802,0.25416637954255905,0.3298579174699236,0.3257900057385308
202,2.0364080727166063,1.6905318482308003,0.8301537746192488,0.26554239075400754,0.2554409208390348,0.3305448157751622,0.3263536312291678
203,2.0397475732737798,1.6959512436717767,0.8314515314999432,0.2669063476868495,0.25673471971298295,0.33125191470027215,0.326940592862345
204,2.0432272711786994,1.7014786171274228,0.8327407533797607,0.2682848008023956,0.25804724055864825,0.33197879433468913,0.3275505191862236
205,2.046846106481675,1.7071126457898176,0.8340210045024706,0.26967734621226136,0.2593778189613027,0.33272502753524813,0.32818302670707067
206,2.050602976850416,1.7128530572480423,0.8352923879389201,0.27108355013450736,0.2607260420380625,0.33349018039216755,0.32883772040518766
207,2.054496737905816,1.7187003955523208,0.8365554268556405,0.27250296100853744,0.2620916873952384,0.33427381269351636,0.3295141942598228
208,2.0585262035705365,1.7246542315161062,0.8378101908660062,0.2739351344826274,0.26347430350910406,0.3350754783874775,0.3302120317817828
209,2.062690146430302,1.730713355034186,0.8390563934332861,0.2753796238454981,0.2648732606833623,0.3358947260417255,0.3309308065524582
210,2.066987298107781,1.7368773309550183,0.8402941481764493,0.27683597118359726,0.2662881126601161,0.3367310992992821,0.3316700827679901
211,2.0714163496489437,1.7431458001808957,0.8415236272883131,0.27830372356706806,0.2677184326540164,0.33758413733021375,0.3324294157873194
212,2.075975951921787,1.7495175807473846,0.8427446277148871,0.27978243142311976,0.2691636097899161,0.3384533752785763,0.33320835268287996
213,2.0806647160272878,1.7559918079646084,0.843957123143515,0.28127162720948584,0.2706231112347392,0.3393383447040255,0.3340064327927177
214,2.085481213722479,1.7625684010670335,0.8451614857373554,0.2827708341960647,0.2720965844917622,0.3402385740175454,0.3348231882728483
215,2.090423977855504,1.7692465164056144,0.8463577413710233,0.28427959071267045,0.2735835088304796,0.34115358891076425,0.3356581446486922
216,2.0954915028125263,1.77602455548457,0.8475455773029028,0.2857974409345851,0.2750832025702092,0.34208291277836056,0.3365108213644674
217,2.1006822449763534,1.7829015615469896,0.848725011034241,0.28732390793456747,0.2765951346597604,0.34302606713308326,0.3373807323294442
218,2.105994623196639,1.7898774067962913,0.8498964750819159,0.2888585027177838,0.2781189611410892,0.34398257201294113,0.33826738646002014
219,2.1114270192715145,1.7969511906142852,0.8510600528519665,0.2904007576434995,0.2796541729563554,0.34495194638013427,0.3391702882166067
220,2.1169777784405106,1.8041209026465275,0.8522153236655834,0.2919502244593901,0.281200029169575,0.3459337085113422,0.3400889381343672
221,2.122645209888614,1.811385035759354,0.8533621291588369,0.2935064398599446,0.2827559093528998,0.34692737637899324,0.3410228333468858
222,2.128427587261303,1.8187433716529882,0.8545009388800524,0.29506892370293947,0.2843214767577669,0.3479324680231798,0.3419714681019083
223,2.134323149190415,1.8261951132507102,0.8556319664824031,0.29663720381059744,0.2858962758877624,0.34894850191390653,0.34293433426833186
224,2.1403300998306745,1.8337385084650202,0.8567549970960511,0.2982108133453425,0.28747965803365344,0.34997499730338555,0.34391092183367383
225,2.146446609406726,1.8413722452801644,0.8578700430797653,0.29978927497303276,0.2890710780497692,0.3510114745681216,0.34490071939131145
226,2.1526708147705014,1.849095604766105,0.8589774117243463,0.3013721174157252,0.2906701228692304,0.35205745554055595,0.3459032146168183
227,2.1590008199687505,1.85690681422427,0.8600769379286974,0.30295888691228,0.2922761699042962,0.35311246383006456,0.3469178947327923
228,2.1654346968205704,1.864803943149087,0.8611684046104513,0.30454912299353565,0.2938885769477823,0.35417602513313184,0.3479442469616141
229,2.171970485504746,1.8727861578373333,0.8622521209822586,0.306142350429075,0.2955069368183085,0.3552476675325532,0.348981758965625
230,2.17860619515673,1.880852519615637,0.863328362783953,0.307738106905078,0.29713082847209993,0.35632692178553016,0.35002991927426974
231,2.1853398044750816,1.8890008027314433,0.8643968314965009,0.3093359458022265,0.2987595823320969,0.35741332160056866,0.351088217697801
232,2.192169262337171,1.8972291146779683,0.8654574020690566,0.3109354067158622,0.3003926098943149,0.3585064039030958,0.3521561457271889
233,2.199092488423976,1.905536700834863,0.8665104859689208,0.31253601651586993,0.30202955931068876,0.3596057090897489,0.35323319691992844
234,2.2061073738537633,1.9139222261142452,0.8675562435435266,0.3141373193562963,0.30366997235641285,0.36071078127130174,0.35431886727149037
235,2.2132117818244765,1.9223831640738482,0.8685943116067809,0.31573887540908063,0.30531317031440197,0.3618211685042315,0.35541265557220725
236,2.2204035482646263,1.9309175293481131,0.8696245918257682,0.3173402355869198,0.30695859512047574,0.3629364230109344,0.3565140637494231
237,2.2276804824924863,1.9395242109375694,0.8706473958812498,0.3189409408143769,0.3086058690196578,0.3640561013886323,0.3576225971947939
238,2.235040367883397,1.948201637911257,0.8716628414887293,0.3205405338866393,0.31025453578407125,0.36517976480702863,0.35873776507665556
239,2.2424809625449726,1.956947673282958,0.8726708078993164,0.32213854790255014,0.3119040439146299,0.36630697919478844,0.3598590806374268
240,2.25,1.965760804629795,0.8736714687243533,0.3237344974559159,0.31355397254611767,0.3674373154149445,0.36098606147604306
241,2.2575951898768314,1.974639606025092,0.8746650484017124,0.3253278961685131,0.3152039273864059,0.36857034942933714,0.36211822981546765
242,2.2652642186070544,1.9835815749081387,0.8756513075229138,0.3269182552379095,0.31685332626767004,0.3697056624522257,0.36325511275534356
243,2.2730047501302266,1.9925845115079033,0.8766301572373497,0.328505057895956,0.31850165800073293,0.37084284109321464,0.36439624250990765
244,2.280814426605461,2.0016470668972963,0.8776018967384164,0.3300877559801416,0.320148579353109,0.37198147748966004,0.3655411566312911
245,2.28869086912965,2.0107673613618844,0.8785666026301511,0.33166577896527233,0.32179366084748845,0.3731211694287306,0.3666893982183841
246,2.2966316784621,2.019942895280588,0.879524093577429,0.3332385182284999,0.3234363743012754,0.37426152045931466,0.36784051611145707
247,2.304634435755363,2.0291717105071503,0.8804744383861783,0.33480530277782056,0.32507630238435536,0.3754021399939752,0.36899406507275506
248,2.312696703292044,2.0384521928460684,0.8814178659676395,0.3363653921807348,0.326713100100742,0.37654264340116367,0.37014960595331725
249,2.3208160252273498,2.0477821414979482,0.8823543612412558,0.3379179669853408,0.32834633005386166,0.37768265208792035,0.3713067058462776
250,2.3289899283371653,2.057159166382845,0.8832838396392723,0.3394621026334452,0.32997553488041903,0.3788217935732882,0.37246493822693905
251,2.3372159227714215,2.066581158092013,0.8842063490828457,0.3409967396897516,0.3316003189891572,0.3799597015526862,0.37362388307991945
252,2.3454915028125263,2.0760458922513814,0.885121898656189,0.34252064662629456,0.3332202790492535,0.38109601595348597,0.3747831270136864
253,2.3538141476386314,2.08555117800883,0.8860305220363617,0.3440323681565456,0.33483502962839706,0.38223038298205064,0.3759422633628166
254,2.3621813220915007,2.0950950440496983,0.8869323554699343,0.345530166271658,0.3364442339883213,0.383362455162491,0.3771008922783213
255,2.3705904774487396,2.104675448599171,0.8878275132802568,0.34701195289948555,0.3380475541195841,0.3844918913674097,0.3782586208063932
256,2.379039052200166,2.1142900614892124,0.8887159962901363,0.34847520112541147,0.3396446148946305,0.3856183568408959,0.37941506295593763
257,2.3875244728280673,2.1239366023433197,0.8895978351281472,0.34991683136275065,0.34123506116300756,0.38674152321404787,0.3805698397552619
258,2.39604415459112,2.1336126717968265,0.8904730189168499,0.3513330617404043,0.34281852966836357,0.3878610685132951,0.38172257929829445
259,2.404595502311727,2.1433160024276723,0.8913416000184371,0.35271922693785107,0.3443946901175223,0.38897667716179346,0.38287291678072244
260,2.413175911166535,2.153044376797072,0.8922036586036884,0.3540695826981426,0.3459632309531205,0.3900880399741757,0.38402049452642456
261,2.4217827674798844,2.162795440643903,0.8930592246696493,0.35537688428162306,0.34752382901252127,0.39119485414492394,0.38516496200459266
262,2.4304134495199676,2.1725667342569963,0.893908291482711,0.3566322004878539,0.34907615504244033,0.3922968232306525,0.3863059758379232
263,2.4390653282974264,2.1823558646359267,0.894750886463261,0.35782438744508094,0.3506199010916988,0.3933936571265641,0.3874431998022724
264,2.447735768366173,2.1921607268875243,0.8955871606806476,0.358939509502652,0.35215481437887347,0.3944850720373601,0.38857630481815025
265,2.456422128626171,2.2019789872142503,0.8964171758401209,0.3599601275164115,0.35368061533063205,0.3955707904428722,0.3897049689344496
266,2.465121763127937,2.2118078102700514,0.8972407948983172,0.36086439149506233,0.3551969567216179,0.396650541058684,0.39082887730477633
267,2.4738320218785277,2.2216445515222993,0.8980579650817491,0.36162487432070456,0.35670353185405307,0.39772405879200917,0.39194772215676676
268,2.482550251648749,2.231487257512574,0.8988689175699724,0.36220710714009113,0.3582001489778248,0.3987910846930826,0.39306120275475653
269,2.4912737967813583,2.2413337803966042,0.8996738067459031,0.36256803786180825,0.3596865940493397,0.3998513659023276,0.394169025356168
270,2.5,2.251181107950292,0.9004724431801168,0.3626544723634214,0.3611625315033162,0.4009046555935448,0.39527090316197583
271,2.5087262032186413,2.2610267284692758,0.9012648433170696,0.3623956185437879,0.36262771099963387,0.40195071291337703,0.3963665562616006
272,2.517449748351251,2.2708686866231402,0.9020512477400578,0.36168797438936434,0.3640819726862789,0.40298930291728674,0.3974557115725755
273,2.526167978121472,2.280704488698799,0.9028316835821796,0.3604877121298028,0.3655250839900627,0.40402019650228677,0.3985381027753261
274,2.5348782368720624,2.290529049598672,0.9036051579444276,0.3590255462605538,0.36695644410979344,0.40504317033665527,0.3996134702433855
275,2.543577871373829,2.284697098748187,0.8982218018409571,0.35748080180047304,0.3661079865795504,0.4060580067868594,0.4006815609693722
276,2.552264231633827,2.276376181823344,0.8919045895048752,0.3558844421139239,0.36489128741039895,0.40706449384190957,0.40174212848703617
277,2.560934671702574,2.267234336741543,0.8853151787875276,0.35424556807806834,0.36354615606273044,0.40806242503535506,0.4027949327896801
278,2.5695865504800324,2.2577075082550944,0.8786267611158399,0.3525670169119566,0.3621349257969317,0.4090515993651302,0.4038397402452445
279,2.578217232520115,2.2479478177303953,0.8719000824973568,0.3508492991784188,0.3606790837782689,0.4100318212114529,0.40487632350834724
280,2.586824088833465,2.238015671205992,0.8651595912017469,0.349091982402003,0.35918688110173697,0.4110029002529661,0.40590446142954184
281,2.595404497688272,2.2279339848238044,0.8584149356326638,0.34729422930083864,0.35766110786433225,0.4119646513813155,0.4069239389620698
282,2.603955845408879,2.21771220391779,0.8516704335935312,0.3454550014980522,0.3561025719599009,0.4129168946143401,0.40793454706635573
283,2.6124755271719327,2.2073537720942427,0.8449280190899073,0.3435731373711839,0.3545111777979365,0.41385945500805293,0.408936082612493
284,2.6209609477998335,2.1968607761466465,0.8381890535190164,0.3416474131868381,0.3528866140908951,0.41479216256758134,0.4099283482809541
285,2.6294095225512604,2.1862321097946165,0.8314536366603562,0.3396765403555155,0.3512280580192295,0.41571485215722564,0.4109111524617559
286,2.6378186779084993,2.175468172446034,0.8247224082024247,0.33765914901200145,0.3495348968760108,0.4166273634097933,0.4118843091522938
287,2.6461858523613686,2.1645696128886565,0.8179960643947463,0.33559383012161076,0.3478065365772146,0.417529540635359,0.4128476378540525
288,2.6545084971874737,2.1535347808175116,0.8112743971621271,0.33347914193378875,0.34604199330474417,0.4184212327295907,0.41380096346839407
289,2.6627840772285785,2.142362723045079,0.8045574334644687,0.33131355134635976,0.3442403622077418,0.41930229308177763,0.41474411619161056
290,2.671010071662834,2.131054803977841,0.7978460383158179,0.3290954083990936,0.34240108541195535,0.42017257948269554,0.4156769314094223
291,2.67918397477265,2.1196124474957987,0.7911410591636077,0.3268230041177812,0.3405235951836692,0.4210319540324261,0.41659924959109396
292,2.687303296707956,2.108034396091683,0.7844423064095898,0.3244946123647221,0.33860685794705264,0.4218802830482535,0.41751091618333136
293,2.6953655642446366,2.0963185575501697,0.7777492542603041,0.3221084216124037,0.33664966309235017,0.4227174369727517,0.41841178150411296
294,2.7033683215379,2.084466455739943,0.7710626920989168,0.31966247339779963,0.33465136856849886,0.4235432902821623,0.4193017006366039
295,2.7113091308703496,2.072480809207236,0.7643838120893115,0.3171547316337088,0.332611513709358,0.42435772139517325,0.4201805333232892
296,2.7191855733945385,2.0603609854658886,0.7577125318790966,0.3145831709709984,0.3305290435116765,0.42516061258218624,0.4210481438604599
297,2.7269952498697734,2.0481035717835527,0.7510477225368688,0.3119456880842277,0.32840237941021844,0.4259518498751694,0.4219044009931717
298,2.734735781392945,2.035710934132393,0.7443903531680484,0.30924000997641643,0.3262309003802145,0.42673132297817506,0.42274917781079624
299,2.7424048101231686,2.0231873791113903,0.7377420618732519,0.3064638049041321,0.32401430873698306,0.4274989251786093,0.4235823516432704
300,2.75,2.010531923228805,0.7311025175377471,0.30361480212907943,0.32175134779101083,0.42825455325932177,0.424403803958148
301,2.7575190374550274,1.9977405218050086,0.724470255570299,0.30069066796235755,0.31944015691343136,0.4289981074115954,0.42521342025854936
302,2.764959632116603,1.9848172735460585,0.717846745569541,0.2976889226125651,0.31708029626714684,0.4297294911490934,0.4260110899820966
303,2.7723195175075133,1.9717674142180412,0.7112338248770048,0.294607117064304,0.3146715238967544,0.43044861122283284,0.4267967064009194
304,2.7795964517353733,1.9585885810471155,0.7046305516127417,0.2914429525609914,0.312212168351657,0.43115537753724087,0.4275701665228093
305,2.7867882181755235,1.9452776901666853,0.6980357091649523,0.2881941575414092,0.3097003541088782,0.4318497030673449,0.4283313709935921
306,2.7938926261462367,1.9318395983566914,0.6914509098445131,0.2848584561747723,0.30713565259426023,0.43253150377715294,0.42908022400078427
307,2.800907511576024,1.918279116700466,0.6848777079472654,0.28143377009033077,0.3045176159631527,0.43320069853926396,0.4298166331786014
308,2.807830737662829,1.904593767306645,0.6783150215429237,0.27791831559364055,0.3018443537720116,0.433857209055758,0.4305405095143653
309,2.814660195524919,1.8907829430693428,0.671762419518894,0.27431054391351034,0.299114268560198,0.4345009597804012,0.43125176725636943
310,2.82139380484327,1.8768511526068656,0.6652212638253545,0.27060920272788647,0.2963267274456776,0.43513187784220564,0.43195032382324505
311,2.8280295144952534,1.8628014673671622,0.6586923714265531,0.2668135379647596,0.2934807873507576,0.4357498929703731,0.43263609971487493
312,2.8345653031794287,1.848631993766798,0.6521747767438114,0.26292336819501544,0.2905744483479627,0.4363549374206626,0.4333090184248917
313,2.840999180031249,1.8343442829855596,0.6456687125708298,0.25893908783580655,0.2876063448736414,0.43694694590319805,0.4339690063547961
314,2.8473291852294986,1.8199428168803258,0.6391754161483214,0.25486181360752236,0.28457567917999044,0.437525855511752,0.43461599272972673
315,2.8535533905932735,1.805429217787362,0.6326950894764933,0.25069358711019507,0.2814810175105199,0.4380916056545206,0.4352499095159131
316,2.8596699001693255,1.7908020035037124,0.6262268254799885,0.24643741039255757,0.2783201951468917,0.43864413798641766,0.4358706913398304
317,2.865676850809585,1.7760647829127179,0.6197714799597729,0.24209727370211104,0.27509207489066767,0.43918339634290093,0.43647827540908646
318,2.871572412738697,1.7612226749008852,0.6133304063961107,0.23767836415202437,0.27179581931241237,0.43970932667534995,0.43707260143505183
319,2.877354790111386,1.7462756660986234,0.6069031431577553,0.23318724568079954,0.2684294071109335,0.44022187698800974,0.437653611557258
320,2.8830222215594894,1.7312222262347854,0.6004886862433997,0.22863181056953383,0.2649903812042895,0.4407209972765139,0.4382212502695695
321,2.8885729807284855,1.7160675598877264,0.5940883513543569,0.2240212597509589,0.26147774496122994,0.44120663946799676,0.43877546434814974
322,2.894005376803361,1.7008176590412956,0.5877036969848246,0.2193662928673847,0.25789066359686114,0.44167875736280676,0.43931620278122574
323,2.8993177550236466,1.6854715236497106,0.5813338399108876,0.2146792045481906,0.2542266070834968,0.442137306577829,0.4398434167006585
324,2.9045084971874733,1.6700276868770811,0.5749777246285288,0.20997370454455852,0.2504828156246812,0.44258224449142103,0.4403570593153314
325,2.9095760221444955,1.6544924927117441,0.568636969826382,0.20526479924830118,0.24665833753478036,0.4430135301899727,0.44085708584635097
326,2.9145187862775206,1.6388722982554218,0.5623131701781278,0.20056890337866407,0.24275221011754158,0.44343112441609184,0.4413434534640735
327,2.9193352839727122,1.623164643680581,0.5560048729557825,0.1959037855776318,0.23876119973476911,0.44383498951841943,0.4418161212269502
328,2.9240240480782127,1.6073689134187539,0.5497112496305159,0.19128824857217483,0.2346823934295693,0.4442250894030802,0.44227505002219486
329,2.928583650351056,1.5914923735519404,0.5434341523286059,0.18674194206305939,0.23051482670330642,0.4446013894867672,0.44272020250827254
330,2.933012701892219,1.5755404418321066,0.5371747762345708,0.18228537681164253,0.22625703299141145,0.4449638566514647,0.44315154305920573
331,2.937309853569698,1.5595105098047244,0.530931562398655,0.17793974638497406,0.22190531201165012,0.4453124592008062,0.443569037710696
332,2.9414737964294635,1.5434043976390008,0.524704452411739,0.17372661616783908,0.21745700755234215,0.44564716681807676,0.4439726541080549
333,2.945503262094184,1.5272288921318673,0.51849506051677,0.16966781503397746,0.21291075703297901,0.4459679505258468,0.44436236145594277
334,2.949397023149584,1.510987028425126,0.5123037070172338,0.16578543891120298,0.2082640958172912,0.44627478264724824,0.4447381304699067
335,2.953153893518325,1.4946776591233513,0.5061292817837624,0.16210167119793942,0.2035132333768303,0.4465676367688848,0.44509993332971093
336,2.9567727288213,1.478304589602819,0.4999723432217046,0.15863883494930453,0.19865566977829868,0.4468464877053795,0.44544774363445744
337,2.96025242672622,1.4618740402106511,0.4938342510970782,0.15541932863537297,0.1936895490879154,0.4471113114655567,0.4457815363594853
338,2.9635919272833937,1.4453872753924508,0.4877146755887473,0.15246590248239753,0.18861143437053035,0.447362085220256,0.44610128781504277
339,2.9667902132486006,1.4288440534639275,0.4816127702873066,0.1498017912098346,0.18341725203264028,0.447598787271779,0.44640697560672643
340,2.969846310392954,1.4122497880972074,0.4755295865496643,0.14745097992243603,0.17810455050566867,0.4478213970249648,0.4466985785976747
341,2.9727592877996583,1.3956107781054747,0.4694664596064424,0.14543877224334117,0.1726710975685281,0.4480298949598967,0.446976076872516
342,2.975528258147577,1.378927110762608,0.46342262318861754,0.1437924533642515,0.1671125205274189,0.44822426260623366,0.44723945170305374
343,2.9781523779815178,1.362197860543331,0.457396965519467,0.14254205519801808,0.16142387625443025,0.4484044825191698,0.447488685515687
344,2.9806308479691594,1.3454294953113008,0.4513908511105975,0.14172123132888356,0.15560254878450774,0.4485705382570192,0.44772376186055907
345,2.982962913144534,1.3286286428867364,0.4454056860821455,0.14136666628375041,0.14964591677147362,0.4487224143604245,0.4479446653824207
346,2.985147863137998,1.311794836461119,0.4394404889150635,0.14152370514896798,0.14354870437519235,0.44886009633319024,0.44815138179320696
347,2.9871850323926177,1.294928453355627,0.43349455735537085,0.14227409099667532,0.13730566657125437,0.44898357062474087,0.44834389784631345
348,2.989073800366903,1.2780355869868618,0.4275690974341234,0.1436365380416645,0.13091346955970476,0.44909282461420236,0.44852220131257353
349,2.990813591723832,1.2611245153352402,0.4216660372364962,0.14529027237484007,0.12436954273001671,0.4491878465961092,0.4486862809579203
350,2.992403876506104,1.2625975797639644,0.4219342147217636,0.14699545694372365,0.12494545863223794,0.44926862576773774,0.44883612652273286
351,2.9938441702975687,1.2668470302981314,0.4231506244936639,0.14870856147429426,0.12660048580564204,0.4493351522180664,0.4489717287028594
352,2.995134034370785,1.2718976084066318,0.4246546544531623,0.1504154682040045,0.12855534321472276,0.4493874169183656,0.44909307913230906
353,2.9962730758206613,1.2772324437342393,0.4262737111784823,0.15211060978768098,0.13060600390809976,0.4494254117144214,0.44920017036761206
354,2.9972609476841368,1.2826666461749465,0.42794627113331973,0.15379158924004302,0.13268001045385208,0.4494491293203909,0.4492929958738357
355,2.9980973490458727,1.2881269366772041,0.42964813570418026,0.15545721318194333,0.13474905350963515,0.4494585633142989,0.44937155001226065
356,2.9987820251299127,1.2935862125731798,0.43137053701565364,0.15710677780049775,0.13680293416615075,0.44945370813517643,0.4494358280297052
357,2.999314767377287,1.2990314335886382,0.4331094047606613,0.1587398594498437,0.13883697810827197,0.4494345590818457,0.4494858260494997
358,2.9996954135095475,1.3044540053399571,0.434862152825639,0.1603561727854809,0.14084828799028845,0.449401112313359,0.44952154106410686
359,2.999923847578196,1.3098495789654077,0.4366276097384386,0.16195540928508811,0.14283560774595824,0.44935336485109395,0.4495429709293819
360,3.0,1.315220168036696,0.43840672267889863,0.16353728288964853,0.1448000372071029,0.44929131458251564,0.4495501143604766
361,2.999923847578196,1.320562774646406,0.4401987656161609,0.1651016037128718,0.1467408337461589,0.4492149602666095,0.4495429709293819
362,2.9996954135095475,1.3258728286438253,0.44200248554322275,0.1666481441867182,0.14865671129567712,0.4491243015409923,0.44952154106410686
363,2.999314767377287,1.331152632478395,0.4438189172263519,0.16817658690241774,0.15054887454783597,0.4490193389307141,0.4494858260494997
364,2.9987820251299127,1.336403958540438,0.44564891590696476,0.16968669722447555,0.15241830954194802,0.44890007385875264,0.4494358280297053
365,2.9980973490458727,1.3416210922913026,0.4474908370531283,0.1711783765668371,0.15426333876515572,0.44876650865821777,0.44937155001226065
366,2.9972609476841368,1.3467992460554625,0.4493433403241317,0.1726514663128369,0.1560826541584395,0.4486186465862684,0.4492929958738357
367,2.9962730758206613,1.3519417988805262,0.4512078053867762,0.17410567115922626,0.15787782384913765,0.4484564918397589,0.44920017036761206
368,2.9951340343707855,1.357052198090853,0.4530856324017369,0.17554077095797216,0.1596504004110693,0.44828004957262185,0.44909307913230934
369,2.9938441702975687,1.362124107712188,0.45497495201188165,0.1769566973150219,0.16139853677877894,0.4480893259150012,0.4489717287028594
370,2.992403876506104,1.3671524907680206,0.45687432151180474,0.1783533360208658,0.16312087609357173,0.4478843279941487,0.448836126522733
371,2.990813591723832,1.3721401197583607,0.45878490172551767,0.17973042348847645,0.16481874539844185,0.4476650639570921,0.4486862809579203
372,2.989073800366903,1.3770912120219012,0.46070833441879755,0.18108774905888478,0.16649392696266177,0.44743154299509597,0.44852220131257353
373,2.9871850323926177,1.3820000734639526,0.46264294259570016,0.18242525891128547,0.1681448371707189,0.44718377536992326,0.44834389784631357
374,2.985147863137998,1.3868611220939102,0.46458707765183765,0.18374287025279476,0.16976996746750242,0.4469217724419112,0.44815138179320696
375,2.982962913144534,1.3916765814366117,0.46654169762022135,0.185040361212499,0.17137043090675386,0.4466455466998842,0.4479446653824207
376,2.9806308479691594,1.3964506179184712,0.4685084095099993,0.18631757717351707,0.17294795442914077,0.44635511179290727,0.44772376186055907
377,2.9781523779815178,1.4011771710591931,0.47048538597909473,0.1875745084911869,0.17450087469541495,0.44605048256390645,0.447488685515687
378,2.975528258147577,1.4058511272312324,0.47247110605713044,0.18881106108282628,0.17602787376167442,0.44573167508516537,0.44723945170305374
379,2.9727592877996583,1.4104770888968603,0.474467305403947,0.19002701290774873,0.17753080982214936,0.4453987066957153,0.446976076872516
380,2.969846310392954,1.4150576179678038,0.476475032736819,0.191222264665012,0.17901084176168958,0.4450515960406366,0.44669857859767476
381,2.9667902132486006,1.4195849360401995,0.4784918494408038,0.1923968459883695,0.18046578844936306,0.4446903631122879,0.44640697560672643
382,2.9635919272833937,1.4240554208285245,0.4805167026264305,0.19355066413912306,0.18189483901045336,0.4443150292934763,0.4461012878150429
383,2.9602524267262202,1.428475056306671,0.4825517727508256,0.19468354069630506,0.18330024454165952,0.44392561740258923,0.4457815363594853
384,2.9567727288213,1.4328438223715567,0.48459721249619053,0.1957954310660138,0.18468231351470205,0.44352215174070303,0.44544774363445744
385,2.953153893518325,1.4371546198309566,0.486650771226406,0.19688636042528432,0.1860391242017452,0.4431046581406827,0.44509993332971093
386,2.949397023149584,1.4414062932932419,0.48871219506216285,0.19795623709265608,0.18737064826801936,0.44267316401829304,0.4447381304699067
387,2.945503262094184,1.4456036364647662,0.49078324070059787,0.19900494160574758,0.18867870507363899,0.44222769842533316,0.4443623614559429
388,2.9414737964294635,1.4497445022852153,0.49286330683788576,0.20003246322828716,0.18996292925311625,0.4417682921048103,0.4439726541080549
389,2.937309853569698,1.4538240690918802,0.4949508705474348,0.20103881240100605,0.19122213673049862,0.44129497754817326,0.443569037710696
390,2.933012701892219,1.4578422843989614,0.49704601806137466,0.20202390778504742,0.1924566248817694,0.44080778905461165,0.44315154305920584
391,2.9285836503510563,1.461802444965988,0.4991499712807447,0.20298769868867161,0.19366770478021456,0.4403067627924413,0.4427202025082725
392,2.924024048078213,1.4657008879153242,0.5012615709773803,0.2039302479130372,0.1948545471938443,0.43979193686258533,0.44227505002219486
393,2.9193352839727122,1.4695334541460958,0.5033794721058261,0.20485157387983827,0.19601618480926497,0.43926335136416517,0.44181612122695046
394,2.9145187862775206,1.473302678986885,0.5055046088306796,0.2057515650149227,0.19715367987409468,0.4387210484622097,0.4413434534640735
395,2.909576022144496,1.4770123766949448,0.5076383519294734,0.20663018804308392,0.1982684568054744,0.4381650724574964,0.440857085846351
396,2.9045084971874733,1.4806567463969085,0.509778762166017,0.2074875672925768,0.1993590419147193,0.4375954698585279,0.44035705931533153
397,2.8993177550236466,1.4842307034681914,0.5119241245277326,0.20832374627659214,0.2004241955777539,0.43701228945565374,0.4398434167006585
398,2.8940053768033613,1.487739079021583,0.5140761281739216,0.2091386216642814,0.20146563185376495,0.4364155823973436,0.43931620278122563
399,2.8885729807284855,1.491185677870503,0.5162361096012303,0.20993221195730657,0.20248473129539196,0.4358054022686124,0.43877546434814974
400,2.8830222215594894,1.4945628947269012,0.5184014481575725,0.21070468918759133,0.20347949550467995,0.4351818051715992,0.43822125026956943
401,2.877354790111386,1.4978667591890371,0.5205707562851687,0.21145610632697165,0.2044490172254464,0.4345448498083009,0.437653611557258
402,2.871572412738697,1.501103809115988,0.5227462843900024,0.21218639553835617,0.20539546507711473,0.4338945975654543,0.43707260143505183
403,2.865676850809585,1.5042758851295555,0.5249286515695519,0.2128956099961667,0.2063196064633534,0.43323111260156383,0.43647827540908646
404,2.8596699001693255,1.507376393670813,0.5271155225229174,0.21358390833447086,0.20721975004879506,0.43255446193606106,0.4358706913398304
405,2.8535533905932735,1.5104031033787844,0.5293060604220063,0.21425134841164098,0.20809548368105915,0.4318647155405885,0.4352499095159131
406,2.8473291852294986,1.513361382680569,0.5315020793981676,0.2148979436262891,0.20894858421987067,0.4311619464323898,0.434615992729727
407,2.8409991800312495,1.516250478993709,0.5337032441442067,0.2155238135008604,0.20977904454194948,0.4304462307697867,0.4339690063547961
408,2.8345653031794296,1.5190658597176592,0.5359078720161352,0.2161291021288644,0.2105857721489221,0.4297176479497203,0.4333090184248921
409,2.828029514495254,1.5218081152236118,0.538116065417098,0.21671385438449306,0.21136914486562475,0.4289762807073285,0.4326360997148749
410,2.82139380484327,1.5244812871580402,0.540329139640514,0.21727812802026278,0.21213051292971932,0.42822221521752923,0.43195032382324505
411,2.814660195524919,1.527083027188573,0.5425461409574452,0.21782209726420304,0.21286939443323188,0.4274555411985695,0.43125176725636943
412,2.807830737662829,1.5296092793268041,0.5447654870392986,0.21834591396937994,0.21358482574641546,0.4266763520175011,0.43054050951436523
413,2.800907511576024,1.5320626030083284,0.5469879304034079,0.21884961521146087,0.2142777150216502,0.4258847447975347,0.4298166331786015
414,2.7938926261462367,1.5344470716409608,0.5492147612549823,0.21933330226411552,0.21494938194572258,0.4250808205272183,0.4290802240007842
415,2.7867882181755235,1.5367583505066627,0.5514442541718365,0.2197972195248992,0.21559876890625054,0.42426468417137925,0.428331370993592
416,2.7795964517353733,1.5389924135437798,0.5536747654800565,0.22024155359885098,0.21622491087856666,0.4234364447837682,0.4275701665228093
417,2.7723195175075133,1.5411537360693897,0.5559076889719343,0.22066636097548964,0.21682922144033012,0.4225962156213254,0.4267967064009194
418,2.764959632116603,1.5432465142048153,0.5581443201843224,0.22107177959329102,0.21741301840336805,0.42174411425999525,0.4260110899820963
419,2.7575190374550274,1.5452656288594986,0.5603825786405656,0.22145807089750374,0.21797501353176368,0.4208802627119953,0.42521342025854936
420,2.75,1.5472084333374765,0.5626212484863551,0.22182542746018788,0.21851461132069963,0.4200047875444473,0.424403803958148
421,2.7424048101231686,1.5490797340198623,0.5648618060695019,0.22217395883769397,0.21903328003439437,0.41911781999926223,0.4235823516432704
422,2.734735781392945,1.5508816119121887,0.5671047354791412,0.22250386177260698,0.2195317183340465,0.41821949611416864,0.4227491778107962
423,2.7269952498697734,1.5526101329932225,0.569348308570529,0.222815421210568,0.22000895606250293,0.41730995684475575,0.4219044009931717
424,2.7191855733945385,1.5542637765369833,0.5715916529362479,0.22310884005885384,0.22046469029005933,0.4163893481874028,0.4210481438604599
425,2.7113091308703496,1.5558477736472391,0.5738363641138187,0.22338426616585746,0.22090047142050012,0.4154578213029471,0.4201805333232892
426,2.7033683215379,1.5573629623427558,0.5760824190825757,0.22364193803452104,0.22131662932484655,0.4145155326409381,0.4193017006366037
427,2.6953655642446375,1.558806037547543,0.5783282454246204,0.22388214949946594,0.22171235237910517,0.4135626440643103,0.41841178150411307
428,2.687303296707956,1.5601768340402478,0.5805734082756945,0.2241051091349833,0.2220876887162178,0.41259932297429763,0.41751091618333136
429,2.6791839747726502,1.5614802816419222,0.5828193570672675,0.22431100311197802,0.22244407379797376,0.41162574243539785,0.41659924959109396
430,2.671010071662834,1.5627162502820267,0.585065652451531,0.22450012528595328,0.2227815503248648,0.41064208130018837,0.4156769314094223
431,2.6627840772285785,1.563881344521444,0.5873106114368571,0.2246728067128829,0.22309926696290122,0.40964852433377286,0.4147441161916105
432,2.6545084971874737,1.5649767029000026,0.5895542261620708,0.22482929436614726,0.22339760660867047,0.40864526233763276,0.41380096346839407
433,2.6461858523613686,1.5660068601261454,0.5917977600585737,0.22496982230669307,0.22367786959042305,0.4076324922726387,0.41284763785405243
434,2.6378186779084993,1.5669717837737984,0.5940407492361207,0.22509471232443515,0.2239401061338482,0.40661041738096837,0.4118843091522938
435,2.6294095225512604,1.5678689336085854,0.5962817583802296,0.22520428713052,0.22418368205888856,0.40557924730665157,0.41091115246175597
436,2.6209609477998344,1.568700779085813,0.5985212333677306,0.22529880358195029,0.22440932003426164,0.40453919821446427,0.4099283482809541
437,2.6124755271719327,1.5694707923192182,0.6007599979388928,0.2253785691618719,0.22461800804046397,0.40349049290686345,0.4089360826124931
438,2.60395584540888,1.5701769690059355,0.602996771920832,0.22544398201730964,0.22480924492793306,0.4024333609386463,0.4079345470663558
439,2.595404497688272,1.57081789393572,0.6052304738374493,0.2254953892485364,0.224982686984348,0.40136803872900256,0.4069239389620698
440,2.5868240888334655,1.5713981004495503,0.6074622960381415,0.2255330622791658,0.22513959604327882,0.4002947696706105,0.4059044614295417
441,2.578217232520115,1.571920772228524,0.6096929119863292,0.225557353918991,0.2252808628179044,0.3992138042354078,0.40487632350834724
442,2.5695865504800333,1.5723828955900252,0.6119205812687193,0.22556870367061543,0.2254056993756432,0.3981254000766614,0.4038397402452448
443,2.560934671702574,1.5727838231164157,0.61414445299801,0.22556746641418657,0.22551395507201585,0.3970298221269357,0.4027949327896801
444,2.552264231633827,1.5731294897316161,0.6163662328663284,0.22555392940359098,0.22560725262199527,0.39592734269154983,0.4017421284870362
445,2.543577871373829,1.573422219171899,0.6185862193879157,0.2255284818824639,0.22568623534386842,0.39481824153709044,0.4006815609693722
446,2.534878236872063,1.5736584977528068,0.6208024018126558,0.22549158852402484,0.2257499689027279,0.39370280597454255,0.3996134702433856
447,2.526167978121472,1.5738387750494496,0.6230143001890949,0.22544364936480563,0.22579858598581537,0.3925813309365762,0.3985381027753261
448,2.5174497483512503,1.573968062268673,0.6252232296988289,0.22538503301255977,0.22583344636896774,0.3914541190485157,0.3974557115725756
449,2.508726203218642,1.574047710662601,0.627429054889741,0.22531617150380187,0.22585491999897603,0.3903214806925086,0.39636655626160044
450,2.5,1.5740765455823884,0.6296306182329554,0.22523751644532075,0.22586269359930164,0.3891837340643883,0.3952709031619759
451,2.4912737967813583,1.5740564926021556,0.6318279807846827,0.2251494711781944,0.22585728754549877,0.38804120522272584,0.39416902535616793
452,2.4825502516487497,1.5739911879799342,0.6340218841228252,0.22505245282378752,0.2258396813704158,0.38689422812954183,0.39306120275475664
453,2.473832021878528,1.573880934391866,0.6362117235416511,0.2249469549012542,0.22580995415311247,0.38574314468215004,0.3919477221567667
454,2.465121763127937,1.573724761798501,0.6383963605114732,0.22483346576658755,0.22576784003503952,0.38458830473559036,0.39082887730477633
455,2.456422128626171,1.5735257226725032,0.640576269174283,0.22471240271718473,0.22571415624563498,0.38343006611510183,0.38970496893444967
456,2.447735768366173,1.5732881619827905,0.6427524499643753,0.22458421299330747,0.22565006778124133,0.38226879461808433,0.38857630481815025
457,2.439065328297426,1.5730114632551246,0.6449238751440722,0.22444943388281233,0.2255754003965157,0.38110486400499055,0.3874431998022721
458,2.430413449519967,1.5726946416223124,0.6470893427342317,0.22430858054338842,0.2254898788819096,0.37993865597859033,0.38630597583792337
459,2.4217827674798844,1.572341659291201,0.6492496686345594,0.22416208353415526,0.22539456242000722,0.3787705601510504,0.3851649620045925
460,2.413175911166535,1.5719571616981933,0.6514059561195874,0.22401040753525742,0.22529069517752198,0.3776009739982711,0.38402049452642456
461,2.404595502311728,1.5715401848755288,0.6535569842681161,0.22385410385414503,0.22517800612565217,0.37643030280093914,0.38287291678072255
462,2.39604415459112,1.5710900587409056,0.6557016304271774,0.2236937103196831,0.22505630234699112,0.3752589595717454,0.38172257929829445
463,2.3875244728280673,1.5706106609050516,0.6578406541084096,0.22352972438953364,0.22492662014053963,0.37408736496824635,0.3805698397552618
464,2.379039052200166,1.5701048689888923,0.659974399132641,0.22336266693880044,0.22478972639287254,0.3729159471908511,0.3794150629559377
465,2.3705904774487396,1.5695731251109157,0.6621021808879072,0.22319308298260174,0.22464572927496154,0.3717451418654347,0.37825862080639305
466,2.3621813220915007,1.5690169449889566,0.6642237538309431,0.22302149479731798,0.22449502760607642,0.3705753919101029,0.3771008922783213
467,2.353814147638632,1.5684395199927421,0.666339575520954,0.22284841822219378,0.22433847506301507,0.3694071473856541,0.3759422633628165
468,2.3454915028125263,1.5678425277593693,0.668449459688657,0.22267440641624014,0.22417651620255516,0.36824086532931627,0.37478312701368643
469,2.3372159227714215,1.5672266074906303,0.6705527684546346,0.2225000360124851,0.22400931437333502,0.3670770095713614,0.37362388307991945
470,2.328989928337166,1.5665932877232314,0.6726492324686588,0.22232584852229986,0.22383727470735257,0.3659160505342424,0.37246493822693905
471,2.3208160252273498,1.5659463006365124,0.674739524208133,0.22215236962199944,0.22366140238711613,0.3647584650139328,0.3713067058462776
472,2.312696703292044,1.5652877037698434,0.6768235979848591,0.22198018131889297,0.22348224948103404,0.363604735943191,0.3701496059533171
473,2.3046344357553634,1.564617161373799,0.6789003657584343,0.2218098845537554,0.22329971776025273,0.3624553521365221,0.3689940650727554
474,2.2966316784621,1.5639367769877222,0.6809697835549258,0.22164200639320875,0.22311437332840314,0.3613108080166545,0.36784051611145707
475,2.2886908691296504,1.5632517982243743,0.6830331781848948,0.22147705580424407,0.2229276412622594,0.36017160332240533,0.3666893982183844
476,2.280814426605461,1.5625635276900254,0.685090163172806,0.22131561306420008,0.22273987414426272,0.35903824279786717,0.3655411566312909
477,2.2730047501302266,1.5618711109313435,0.6871393959215701,0.2211582769398192,0.2225508364649553,0.3579112358629092,0.3643962425099076
478,2.265264218607055,1.5611771249519262,0.689181028918524,0.2210056007501896,0.22236122987637977,0.3567910962650453,0.36325511275534356
479,2.2575951898768314,1.5604854870468228,0.6912158096562736,0.2208581360377765,0.22217212470431388,0.3556783417127977,0.3621182298154675
480,2.25,1.5597973791289301,0.6932432796128578,0.22071645918770907,0.22198384571706178,0.3545734934907455,0.36098606147604323
481,2.242480962544973,1.559114025975064,0.6952629930938804,0.2205811308681035,0.22179673037252912,0.35347707605652334,0.35985908063742644
482,2.235040367883397,1.5584384662277058,0.6972753103799914,0.22045269068151266,0.22161161431327325,0.35238961662011054,0.35873776507665556
483,2.2276804824924863,1.5577731527290994,0.6992803343979352,0.22033169752457968,0.22142917486707142,0.3513116447058258,0.3576225971947939
484,2.2204035482646267,1.5571190520996967,0.7012775012527227,0.22021872847517654,0.22124968323735056,0.3502436916975137,0.35651406374942335
485,2.213211781824477,1.5564777941467878,0.7032665409289003,0.22011433165025365,0.22107359345566768,0.3491862903674995,0.3554126555722074
486,2.2061073738537633,1.5558526719892407,0.7052479359929712,0.22001902613175467,0.22090181787751723,0.34813997438995553,0.35431886727149037
487,2.1990924884239758,1.5552463224333464,0.7072218793071069,0.21993336330034982,0.22073509057940185,0.3471052778394054,0.35323319691992816
488,2.192169262337171,1.5546591149650413,0.7091875347743672,0.21985792691064077,0.22057352322382295,0.346082734675169,0.3521561457271889
489,2.185339804475081,1.5540921938879209,0.711144413653882,0.21979324530086183,0.2204174408148784,0.34507287821263105,0.35108821769780085
490,2.17860619515673,1.5535501644156071,0.7130936136458769,0.21973979157391732,0.2202681224847083,0.3440762405822804,0.35002991927426974
491,2.171970485504746,1.5530360881493463,0.7150355396235667,0.21969807837316743,0.22012642426302062,0.34309335217754966,0.348981758965625
492,2.165434696820571,1.5525494879995125,0.7169689717630666,0.21966865236443645,0.2199922272511418,0.3421247410925459,0.3479442469616143
493,2.159000819968751,1.552091659127316,0.7188935014623018,0.21965201332121498,0.21986590074645046,0.3411709325508342,0.3469178947327921
494,2.1526708147705014,1.5516668791136774,0.7208101064347371,0.21964863899779963,0.21974863756014842,0.3402324483264925,0.3459032146168183
495,2.1464466094067265,1.5512767969464039,0.7227185573347076,0.21965903562474823,0.21964090567832628,0.3393098061587149,0.3449007193913116
496,2.1403300998306745,1.5509219712068556,0.7246181191067452,0.2196836984049854,0.21954287150558024,0.3384035191612964,0.34391092183367383
497,2.134323149190415,1.5506051196672208,0.7265090669402109,0.21972307429275761,0.21945529747735362,0.3375140952283716,0.34293433426833186
498,2.128427587261303,1.5503296657909016,0.7283920181591644,0.2197776095698882,0.21937914097529712,0.3366420364378232,0.3419714681019084
499,2.122645209888614,1.550096570474871,0.7302664445539688,0.21984777880267706,0.21931467795265278,0.33578783845381555,0.3410228333468858
500,2.116977778440511,1.549906594956456,0.7321317260581769,0.21993403368961373,0.21926212782358392,0.3349519899299239,0.3400889381343674
501,2.1114270192715145,1.5497627505621718,0.7339883104730144,0.22003677798992471,0.21922233110728045,0.3341349719143643,0.339170288216607
502,2.105994623196639,1.5496681498887974,0.7358367076629061,0.2201564245599673,0.21919615504281606,0.3333372572588293,0.33826738646002014
503,2.1006822449763534,1.5496234038000787,0.7376762513730496,0.2202934201142528,0.21918377284237214,0.3325593100324523,0.3373807323294442
504,2.0954915028125263,1.5496291025559346,0.7395062688042656,0.22044817712478657,0.21918534984328653,0.3318015849424115,0.33651082136446736
505,2.090423977855504,1.5496886570722392,0.7413274405042047,0.2206210388326679,0.2192018296197466,0.3310645267626819,0.3356581446486923
506,2.0854812137224794,1.549805747641393,0.7431405938560661,0.22081234901390412,0.2192342275430049,0.33034856977242394,0.3348231882728483
507,2.0806647160272878,1.5499807727459425,0.7449449980126518,0.2210224836701543,0.2192826478134844,0.329654137205477,0.3340064327927177
508,2.075975951921787,1.5502141727238399,0.746739947198697,0.22125179244400353,0.21934720313778586,0.3289816407123886,0.33320835268287996
509,2.0714163496489437,1.5505090144086615,0.7485260095931154,0.22150058637054235,0.21942872920713752,0.328331479836381,0.33242941578731944
510,2.0669872981077804,1.5508677167799436,0.750303457694047,0.22176918523556943,0.21952787834318221,0.327704041504604,0.3316700827679901
511,2.062690146430302,1.5512907386182695,0.7520716290340254,0.22205790643228815,0.2196447568330687,0.3270996995359755,0.33093080655245816
512,2.0585262035705365,1.551779879846536,0.7538305206681152,0.22236702441120554,0.21977983735695183,0.3265188141668507,0.330212031781783
513,2.054496737905816,1.552338095238763,0.755580705774733,0.2226967908675531,0.21993390640544574,0.32596173159570574,0.3295141942598228
514,2.050602976850416,1.5529668711623308,0.757322060239852,0.22304746847999915,0.22010733954366976,0.32542878354794447,0.3288377204051875
515,2.046846106481675,1.5536668399130908,0.7590540563812537,0.22341930786528783,0.2203002716123937,0.3249202868618695,0.3281830267070706
516,2.0432272711787,1.554439905299345,0.760776800126898,0.22381251656128065,0.22051318258577374,0.32443654309678377,0.32755051918622385
517,2.0397475732737798,1.555288782452776,0.7624908115255403,0.22422729295095567,0.22074676930187717,0.3239778381641065,0.326940592862345
518,2.0364080727166063,1.5562143524483263,0.7641957293816398,0.22466386060706933,0.22100121709718212,0.32354444198230303,0.3263536312291678
519,2.033209786751399,1.5572168461027265,0.7658908865428985,0.22512242709651936,0.22127652687822305,0.32313660815634615,0.32579000573853056
520,2.0301536896070456,1.5582983526944696,0.7675765439197326,0.22560313353038572,0.22157320378970385,0.322754573682337,0.32525007529473116
521,2.0272407122003417,1.5594623449811025,0.769253663660139,0.2261060960646777,0.22189212398345448,0.3223985586778322,0.324734185760439
522,2.024471741852423,1.5607097142332298,0.7709219555740284,0.22663145120211256,0.22223344743578397,0.32206876613832425,0.3242426694754487
523,2.0218476220184822,1.5620404962403396,0.7725807223201614,0.2271793226605816,0.22259709351802834,0.32176538172025004,0.3237758447895371
524,2.0193691520308406,1.5634565632165995,0.7742301904752092,0.22774979442125975,0.22298347656480264,0.32148857355080046,0.3233340156106645
525,2.017037086855466,1.5649601588951971,0.7758707904250531,0.22834294200271169,0.22339310315888622,0.32123849206472543,0.3229174709697398
526,2.0148521368620016,1.5665518498799544,0.777502140836873,0.2289588416481908,0.22382601417722628,0.32101526986824397,0.322526484603137
527,2.0128149676073823,1.5682325061995326,0.7791240285060472,0.2295975411679316,0.22428232566006723,0.32081902163007603,0.3221613145541186
528,2.010926199633097,1.5700041100423983,0.7807368118874043,0.23025906070098653,0.22476244695708109,0.3206498439995527,0.3218222027942774
529,2.009186408276168,1.5718680836121472,0.7823405917625985,0.2309434191045228,0.22526662578904752,0.3205078155516561,0.3215093748660617
530,2.007596123493896,1.5738248701310917,0.7839350015241634,0.23165062490492758,0.2257948364458784,0.3203929967587911,0.32122303954741177
531,2.0061558297024313,1.5758756334983783,0.7855200529124023,0.23238064901572564,0.22634723974235338,0.32030542998900907,0.32096338853945694
532,2.004865965629215,1.5780223744057282,0.7870961956853189,0.2331334419570765,0.2269242120003538,0.32024513953032874,0.32073059617819105
533,2.003726924179339,1.5802659322119683,0.7886633219041029,0.2339089674721827,0.22752580707646217,0.3202121316407549,0.3205248191709593
534,2.0027390523158632,1.5826062846724966,0.7902209141238111,0.23470719144494048,0.22815183991032387,0.32020639462351624,0.3203461963585328
535,2.0019026509541273,1.5850441658033185,0.791768853019836,0.23552803781716486,0.22880232053826832,0.3202278989269998,0.3201948485034722
536,2.001217974870088,1.5875817623773447,0.7933077667266131,0.23637138733475452,0.229477636668951,0.320276597268803,0.32007087810541174
537,2.000685232622713,1.590220597784984,0.7948379744375641,0.23723711925562418,0.23017798746818843,0.3203524247832765,0.3199743692438125
538,2.000304586490452,1.5929605840445478,0.796359011923983,0.2381251156874091,0.23090313517201008,0.32045529919188726,0.31990538744865216
539,2.0000761524218045,1.595802145905624,0.7978706930600303,0.23903523428535967,0.23165297088329773,0.3205851209956952,0.31986397959944773
540,2.0,1.5987466968798876,0.7993733484399438,0.23996731238637384,0.2324276377420168,0.32074177368919565,0.3198501738529108
541,2.0000761524218045,1.601794928899405,0.8008669704700302,0.24092118199009574,0.23322707903862927,0.32092512399475254,0.31986397959944773
542,2.000304586490452,1.604947112658283,0.8023513636361619,0.24189665982983227,0.23405111954276958,0.3211350221168178,0.31990538744865216
543,2.000685232622713,1.6082041139178882,0.8038266528361794,0.24289354041494463,0.23489973174193005,0.32137130201510783,0.3199743692438125
544,2.001217974870088,1.6115667871761634,0.8052929802815612,0.2439116085778792,0.23577287612592893,0.32163378169588575,0.32007087810541174
545,2.0019026509541273,1.6150354130961448,0.8067502245058732,0.24495064468550756,0.23667035594525443,0.3219222635204858,0.3201948485034722
546,2.0027390523158632,1.6186102445076762,0.8081982735773787,0.24601040804082855,0.23759196045660522,0.3222365345301905,0.3203461963585325
547,2.003726924179339,1.6222920974947161,0.8096373202946074,0.2470906279867429,0.23853761674280774,0.3225763667865774,0.3205248191709593
548,2.004865965629215,1.626081962674878,0.8110676676405857,0.2481910340597422,0.23950728781378647,0.3229415177264261,0.32073059617819105
549,2.0061558297024313,1.629979452990426,0.8124889546751696,0.2493113732747144,0.2405005769694623,0.3233317305302812,0.32096338853945705
550,2.007596123493896,1.6339840516332849,0.8139007803968062,0.2504513764511759,0.2415170510759301,0.3237467345037595,0.32122303954741177
551,2.009186408276168,1.6380966011102174,0.8153034453959219,0.25161072815125285,0.24255661718535657,0.3241862454706906,0.32150937486606196
552,2.010926199633097,1.6423185749682616,0.8166975870461632,0.25278909470564853,0.24361933262430097,0.3246499661771781,0.3218222027942772
553,2.0128149676073823,1.6466498662059474,0.8180830790240533,0.25398615383425593,0.244704848533856,0.3251375867056727,0.3221613145541186
554,2.0148521368620016,1.6510896842400675,0.8194594799455259,0.2552015756864699,0.24581264196159788,0.3256487848981593,0.322526484603137
555,2.0170370868554657,1.6556384735414118,0.8208269864400611,0.2564350122845024,0.24694249548632707,0.32618322678755396,0.3229174709697398
556,2.0193691520308406,1.6602964946697347,0.8221857271613794,0.25768610797241165,0.2480941404679322,0.3267405670364324,0.3233340156106645
557,2.0218476220184822,1.6650635381526933,0.823535621586755,0.25895449739208093,0.24926718804804301,0.32732044938220517,0.3237758447895372
558,2.024471741852423,1.6699396083093658,0.8248767190898625,0.2602397994378149,0.2504612992022528,0.3279225070878774,0.3242426694754487
559,2.0272407122003417,1.674924894294708,0.8262091838500842,0.2615416297060916,0.2516761766880934,0.32854636339753723,0.324734185760439
560,2.0301536896070456,1.6800189237891907,0.8275328771362002,0.2628596068916922,0.2529113594600012,0.3291916319957344,0.32525007529473116
561,2.0332097867513994,1.6852211970278927,0.8288476713071934,0.264193335009802,0.25416637954255905,0.3298579174699236,0.3257900057385308
562,2.0364080727166063,1.6905318482308003,0.8301537746192488,0.26554239075400754,0.2554409208390348,0.3305448157751622,0.32635363122916755
563,2.0397475732737798,1.6959512436717767,0.8314515314999432,0.2669063476868495,0.25673471971298295,0.33125191470027215,0.32694059286234534
564,2.0432272711786994,1.7014786171274228,0.8327407533797607,0.2682848008023956,0.25804724055864825,0.33197879433468913,0.3275505191862236
565,2.046846106481675,1.7071126457898176,0.8340210045024706,0.26967734621226136,0.2593778189613027,0.33272502753524813,0.32818302670707067
566,2.050602976850416,1.7128530572480423,0.8352923879389201,0.27108355013450736,0.26072604203806243,0.33349018039216755,0.3288377204051875
567,2.054496737905816,1.7187003955523208,0.8365554268556405,0.27250296100853744,0.2620916873952384,0.33427381269351636,0.3295141942598228
568,2.0585262035705365,1.7246542315161062,0.8378101908660062,0.2739351344826274,0.26347430350910406,0.3350754783874775,0.330212031781783
569,2.062690146430302,1.730713355034186,0.8390563934332861,0.2753796238454981,0.26487326068336264,0.3358947260417255,0.3309308065524582
570,2.066987298107781,1.7368773309550183,0.8402941481764493,0.27683597118359726,0.2662881126601157,0.3367310992992821,0.3316700827679901
571,2.0714163496489437,1.7431458001808957,0.8415236272883131,0.27830372356706806,0.26771843265401635,0.33758413733021375,0.33242941578731927
572,2.075975951921787,1.7495175807473846,0.8427446277148871,0.27978243142311976,0.2691636097899163,0.3384533752785763,0.33320835268287985
573,2.0806647160272878,1.7559918079646084,0.843957123143515,0.28127162720948584,0.2706231112347392,0.3393383447040255,0.33400643279271774
574,2.085481213722479,1.7625684010670335,0.8451614857373554,0.2827708341960647,0.2720965844917622,0.3402385740175454,0.3348231882728483
575,2.090423977855504,1.7692465164056144,0.8463577413710233,0.28427959071267045,0.2735835088304796,0.34115358891076425,0.3356581446486922
576,2.0954915028125263,1.77602455548457,0.8475455773029028,0.2857974409345851,0.2750832025702092,0.34208291277836056,0.33651082136446736
577,2.1006822449763534,1.7829015615469896,0.848725011034241,0.28732390793456747,0.27659513465976027,0.34302606713308326,0.3373807323294442
578,2.105994623196639,1.7898774067962913,0.8498964750819159,0.2888585027177838,0.2781189611410892,0.34398257201294113,0.33826738646002014
579,2.1114270192715145,1.7969511906142852,0.8510600528519665,0.2904007576434995,0.27965417295635536,0.34495194638013427,0.339170288216607
580,2.1169777784405106,1.8041209026465275,0.8522153236655834,0.2919502244593901,0.281200029169575,0.3459337085113422,0.3400889381343673
581,2.122645209888614,1.811385035759354,0.8533621291588369,0.2935064398599446,0.2827559093528998,0.34692737637899324,0.3410228333468857
582,2.128427587261303,1.8187433716529882,0.8545009388800524,0.29506892370293947,0.28432147675776714,0.3479324680231798,0.3419714681019084
583,2.134323149190415,1.8261951132507102,0.8556319664824031,0.29663720381059744,0.2858962758877624,0.34894850191390653,0.34293433426833186
584,2.1403300998306745,1.8337385084650202,0.8567549970960511,0.2982108133453425,0.28747965803365344,0.34997499730338555,0.34391092183367383
585,2.146446609406726,1.8413722452801644,0.8578700430797653,0.29978927497303276,0.2890710780497691,0.3510114745681216,0.34490071939131145
586,2.1526708147705014,1.849095604766105,0.8589774117243463,0.3013721174157252,0.2906701228692304,0.35205745554055595,0.3459032146168183
587,2.1590008199687505,1.85690681422427,0.8600769379286974,0.30295888691228,0.2922761699042962,0.35311246383006456,0.3469178947327922
588,2.1654346968205704,1.864803943149087,0.8611684046104513,0.30454912299353565,0.2938885769477823,0.35417602513313184,0.3479442469616141
589,2.171970485504746,1.8727861578373333,0.8622521209822586,0.306142350429075,0.2955069368183083,0.3552476675325532,0.348981758965625
590,2.17860619515673,1.880852519615637,0.863328362783953,0.307738106905078,0.29713082847209993,0.35632692178553016,0.35002991927426974
591,2.1853398044750816,1.8890008027314433,0.8643968314965009,0.3093359458022265,0.29875958233209704,0.35741332160056866,0.351088217697801
592,2.192169262337171,1.8972291146779683,0.8654574020690566,0.3109354067158622,0.3003926098943149,0.3585064039030958,0.3521561457271889
593,2.199092488423976,1.905536700834863,0.8665104859689208,0.31253601651586993,0.30202955931068876,0.3596057090897489,0.35323319691992827
594,2.2061073738537633,1.9139222261142452,0.8675562435435266,0.3141373193562963,0.3036699723564127,0.36071078127130174,0.35431886727149037
595,2.2132117818244765,1.9223831640738482,0.8685943116067809,0.31573887540908063,0.30531317031440197,0.3618211685042315,0.3554126555722074
596,2.2204035482646263,1.9309175293481131,0.8696245918257682,0.3173402355869198,0.30695859512047574,0.3629364230109344,0.3565140637494231
597,2.2276804824924863,1.9395242109375694,0.8706473958812498,0.3189409408143769,0.3086058690196578,0.3640561013886323,0.3576225971947939
598,2.235040367883397,1.948201637911257,0.8716628414887293,0.3205405338866393,0.31025453578407125,0.36517976480702863,0.35873776507665556
599,2.2424809625449726,1.956947673282958,0.8726708078993164,0.32213854790255014,0.3119040439146299,0.36630697919478844,0.3598590806374265
600,2.25,1.965760804629795,0.8736714687243533,0.3237344974559159,0.31355397254611767,0.3674373154149445,0.36098606147604306
601,2.2575951898768314,1.974639606025092,0.8746650484017124,0.3253278961685131,0.3152039273864058,0.36857034942933714,0.3621182298154675
602,2.2652642186070544,1.9835815749081387,0.8756513075229138,0.3269182552379095,0.31685332626767004,0.3697056624522257,0.36325511275534356
603,2.2730047501302266,1.9925845115079033,0.8766301572373497,0.328505057895956,0.31850165800073293,0.37084284109321464,0.3643962425099076
604,2.280814426605461,2.0016470668972963,0.8776018967384164,0.3300877559801416,0.320148579353109,0.37198147748966004,0.3655411566312909
605,2.28869086912965,2.0107673613618844,0.8785666026301511,0.33166577896527233,0.32179366084748845,0.3731211694287306,0.3666893982183841
606,2.2966316784621,2.019942895280588,0.879524093577429,0.3332385182284999,0.3234363743012755,0.37426152045931466,0.36784051611145707
607,2.304634435755363,2.0291717105071503,0.8804744383861783,0.33480530277782056,0.3250763023843551,0.3754021399939752,0.36899406507275506
608,2.312696703292044,2.0384521928460684,0.8814178659676395,0.3363653921807348,0.32671310010074195,0.37654264340116367,0.3701496059533171
609,2.3208160252273498,2.0477821414979482,0.8823543612412558,0.3379179669853408,0.3283463300538619,0.37768265208792035,0.3713067058462773
610,2.3289899283371653,2.057159166382845,0.8832838396392723,0.3394621026334452,0.32997553488041903,0.3788217935732882,0.37246493822693905
611,2.3372159227714215,2.066581158092013,0.8842063490828457,0.3409967396897516,0.3316003189891572,0.3799597015526862,0.3736238830799193
612,2.3454915028125263,2.0760458922513814,0.885121898656189,0.34252064662629456,0.3332202790492535,0.38109601595348597,0.37478312701368643
613,2.3538141476386314,2.08555117800883,0.8860305220363617,0.3440323681565456,0.3348350296283974,0.38223038298205064,0.3759422633628166
614,2.3621813220915007,2.0950950440496983,0.8869323554699343,0.345530166271658,0.3364442339883212,0.383362455162491,0.3771008922783213
615,2.3705904774487396,2.104675448599171,0.8878275132802568,0.34701195289948555,0.3380475541195841,0.3844918913674097,0.37825862080639305
616,2.379039052200166,2.1142900614892124,0.8887159962901363,0.34847520112541147,0.3396446148946303,0.3856183568408959,0.37941506295593763
617,2.3875244728280673,2.1239366023433197,0.8895978351281472,0.34991683136275065,0.34123506116300756,0.38674152321404787,0.3805698397552619
618,2.39604415459112,2.1336126717968265,0.8904730189168499,0.3513330617404043,0.34281852966836357,0.3878610685132951,0.38172257929829445
619,2.404595502311727,2.1433160024276723,0.8913416000184371,0.35271922693785107,0.3443946901175223,0.38897667716179346,0.38287291678072244
620,2.413175911166535,2.153044376797072,0.8922036586036884,0.3540695826981426,0.3459632309531205,0.3900880399741757,0.38402049452642456
621,2.4217827674798844,2.162795440643903,0.8930592246696493,0.35537688428162306,0.34752382901252127,0.39119485414492394,0.38516496200459266
622,2.4304134495199676,2.1725667342569963,0.893908291482711,0.3566322004878539,0.34907615504244033,0.3922968232306525,0.3863059758379232
623,2.4390653282974264,2.1823558646359267,0.894750886463261,0.35782438744508094,0.350619901091699,0.3933936571265641,0.3874431998022724
624,2.447735768366173,2.1921607268875243,0.8955871606806476,0.358939509502652,0.35215481437887347,0.3944850720373601,0.38857630481815025
625,2.456422128626171,2.2019789872142503,0.8964171758401209,0.3599601275164115,0.35368061533063205,0.3955707904428722,0.38970496893444967
626,2.465121763127937,2.2118078102700514,0.8972407948983172,0.36086439149506233,0.3551969567216179,0.396650541058684,0.39082887730477633
627,2.4738320218785277,2.2216445515222993,0.8980579650817491,0.36162487432070456,0.35670353185405307,0.39772405879200917,0.39194772215676676
628,2.482550251648749,2.231487257512574,0.8988689175699724,0.36220710714009113,0.3582001489778248,0.3987910846930826,0.39306120275475653
629,2.4912737967813583,2.2413337803966042,0.8996738067459031,0.36256803786180825,0.3596865940493399,0.3998513659023276,0.39416902535616793
630,2.5,2.251181107950292,0.9004724431801168,0.3626544723634214,0.3611625315033162,0.4009046555935448,0.3952709031619759
631,2.5087262032186413,2.2610267284692758,0.9012648433170696,0.3623956185437879,0.36262771099963387,0.40195071291337703,0.3963665562616006
632,2.517449748351251,2.2708686866231402,0.9020512477400578,0.36168797438936434,0.364081972686279,0.40298930291728674,0.3974557115725755
633,2.526167978121472,2.280704488698799,0.9028316835821796,0.3604877121298028,0.3655250839900627,0.40402019650228677,0.3985381027753261
634,2.5348782368720624,2.290529049598672,0.9036051579444276,0.3590255462605538,0.36695644410979344,0.40504317033665527,0.3996134702433855
635,2.543577871373829,2.284697098748187,0.8982218018409571,0.35748080180047304,0.3661079865795504,0.4060580067868594,0.40068156096937213
636,2.552264231633827,2.276376181823344,0.8919045895048752,0.3558844421139239,0.3648912874103989,0.40706449384190957,0.40174212848703617
637,2.560934671702574,2.267234336741543,0.8853151787875276,0.35424556807806834,0.3635461560627304,0.40806242503535506,0.40279493278968
638,2.5695865504800324,2.2577075082550944,0.8786267611158399,0.3525670169119566,0.3621349257969317,0.4090515993651302,0.4038397402452445
639,2.578217232520115,2.2479478177303953,0.8719000824973568,0.3508492991784188,0.3606790837782689,0.4100318212114529,0.40487632350834724
640,2.586824088833465,2.238015671205992,0.8651595912017469,0.349091982402003,0.3591868811017368,0.4110029002529661,0.40590446142954184
641,2.595404497688272,2.2279339848238044,0.8584149356326638,0.34729422930083864,0.3576611078643322,0.4119646513813155,0.4069239389620698
642,2.603955845408879,2.21771220391779,0.8516704335935312,0.3454550014980522,0.3561025719599009,0.4129168946143401,0.40793454706635573
643,2.6124755271719327,2.2073537720942427,0.8449280190899073,0.3435731373711839,0.3545111777979365,0.41385945500805293,0.4089360826124931
644,2.6209609477998335,2.1968607761466465,0.8381890535190164,0.3416474131868381,0.3528866140908951,0.41479216256758134,0.4099283482809541
645,2.6294095225512604,2.1862321097946165,0.8314536366603562,0.3396765403555155,0.3512280580192295,0.41571485215722564,0.41091115246175597
646,2.6378186779084993,2.175468172446034,0.8247224082024247,0.33765914901200145,0.3495348968760108,0.4166273634097933,0.4118843091522937
647,2.6461858523613686,2.1645696128886565,0.8179960643947463,0.33559383012161076,0.3478065365772146,0.417529540635359,0.41284763785405243
648,2.6545084971874737,2.1535347808175116,0.8112743971621271,0.33347914193378875,0.346041993304744,0.4184212327295907,0.41380096346839407
649,2.6627840772285785,2.142362723045079,0.8045574334644687,0.33131355134635976,0.3442403622077418,0.41930229308177763,0.4147441161916105
650,2.671010071662834,2.131054803977841,0.7978460383158179,0.3290954083990936,0.34240108541195535,0.42017257948269554,0.4156769314094223
651,2.67918397477265,2.1196124474957987,0.7911410591636077,0.3268230041177812,0.3405235951836692,0.4210319540324261,0.4165992495910937
652,2.687303296707956,2.108034396091683,0.7844423064095898,0.3244946123647221,0.33860685794705264,0.4218802830482535,0.4175109161833315
653,2.6953655642446366,2.0963185575501697,0.7777492542603041,0.3221084216124037,0.33664966309235006,0.4227174369727517,0.41841178150411285
654,2.7033683215379,2.084466455739943,0.7710626920989168,0.31966247339779963,0.33465136856849886,0.4235432902821623,0.4193017006366039
655,2.7113091308703496,2.072480809207236,0.7643838120893115,0.3171547316337088,0.332611513709358,0.42435772139517325,0.42018053332328936
656,2.7191855733945385,2.0603609854658886,0.7577125318790966,0.3145831709709984,0.3305290435116765,0.42516061258218624,0.4210481438604599
657,2.7269952498697734,2.0481035717835527,0.7510477225368688,0.3119456880842277,0.32840237941021844,0.4259518498751694,0.4219044009931717
658,2.734735781392945,2.035710934132393,0.7443903531680484,0.30924000997641643,0.3262309003802145,0.42673132297817506,0.4227491778107961
659,2.7424048101231686,2.0231873791113903,0.7377420618732519,0.3064638049041321,0.32401430873698306,0.4274989251786093,0.4235823516432704
660,2.75,2.010531923228805,0.7311025175377471,0.30361480212907943,0.32175134779101083,0.42825455325932177,0.424403803958148
661,2.7575190374550274,1.9977405218050086,0.724470255570299,0.30069066796235755,0.31944015691343136,0.4289981074115954,0.4252134202585492
662,2.764959632116603,1.9848172735460585,0.717846745569541,0.2976889226125651,0.31708029626714684,0.4297294911490934,0.4260110899820963
663,2.7723195175075133,1.9717674142180412,0.7112338248770048,0.294607117064304,0.3146715238967544,0.43044861122283284,0.4267967064009194
664,2.7795964517353733,1.9585885810471155,0.7046305516127417,0.2914429525609914,0.312212168351657,0.43115537753724087,0.4275701665228093
665,2.7867882181755235,1.9452776901666853,0.6980357091649523,0.2881941575414092,0.3097003541088782,0.4318497030673449,0.428331370993592
666,2.7938926261462367,1.9318395983566914,0.6914509098445131,0.2848584561747723,0.30713565259426023,0.43253150377715294,0.4290802240007842
667,2.800907511576024,1.918279116700466,0.6848777079472654,0.28143377009033077,0.3045176159631527,0.43320069853926396,0.4298166331786015
668,2.807830737662829,1.904593767306645,0.6783150215429237,0.27791831559364055,0.3018443537720113,0.433857209055758,0.43054050951436523
669,2.814660195524919,1.8907829430693428,0.671762419518894,0.27431054391351034,0.299114268560198,0.4345009597804012,0.43125176725636943
670,2.82139380484327,1.8768511526068656,0.6652212638253545,0.27060920272788647,0.2963267274456776,0.43513187784220564,0.43195032382324505
671,2.8280295144952534,1.8628014673671622,0.6586923714265531,0.2668135379647596,0.2934807873507576,0.4357498929703731,0.43263609971487493
672,2.8345653031794287,1.848631993766798,0.6521747767438114,0.26292336819501544,0.2905744483479627,0.4363549374206626,0.4333090184248919
673,2.840999180031249,1.8343442829855596,0.6456687125708298,0.25893908783580655,0.28760634487364123,0.43694694590319805,0.4339690063547961
674,2.8473291852294986,1.8199428168803258,0.6391754161483214,0.25486181360752236,0.28457567917999044,0.437525855511752,0.434615992729727
675,2.8535533905932735,1.805429217787362,0.6326950894764933,0.25069358711019507,0.28148101751052007,0.4380916056545206,0.4352499095159132
676,2.8596699001693255,1.7908020035037124,0.6262268254799885,0.24643741039255757,0.2783201951468917,0.43864413798641766,0.4358706913398304
677,2.865676850809585,1.7760647829127179,0.6197714799597729,0.24209727370211104,0.27509207489066784,0.43918339634290093,0.43647827540908646
678,2.871572412738697,1.7612226749008852,0.6133304063961107,0.23767836415202437,0.27179581931241237,0.43970932667534995,0.4370726014350521
679,2.877354790111386,1.7462756660986234,0.6069031431577553,0.23318724568079954,0.26842940711093344,0.44022187698800974,0.437653611557258
680,2.8830222215594894,1.7312222262347854,0.6004886862433997,0.22863181056953383,0.2649903812042895,0.4407209972765139,0.4382212502695695
681,2.8885729807284855,1.7160675598877264,0.5940883513543569,0.2240212597509589,0.26147774496122994,0.44120663946799676,0.43877546434814974
682,2.894005376803361,1.7008176590412956,0.5877036969848246,0.2193662928673847,0.25789066359686114,0.44167875736280676,0.43931620278122574
683,2.8993177550236466,1.6854715236497106,0.5813338399108876,0.2146792045481906,0.2542266070834968,0.442137306577829,0.4398434167006586
684,2.9045084971874733,1.6700276868770811,0.5749777246285288,0.20997370454455852,0.2504828156246812,0.44258224449142103,0.44035705931533153
685,2.9095760221444955,1.6544924927117441,0.568636969826382,0.20526479924830118,0.24665833753478034,0.4430135301899727,0.44085708584635097
686,2.9145187862775206,1.6388722982554218,0.5623131701781278,0.20056890337866407,0.24275221011754158,0.44343112441609184,0.44134345346407333
687,2.9193352839727122,1.623164643680581,0.5560048729557825,0.1959037855776318,0.23876119973476911,0.44383498951841943,0.4418161212269502
688,2.9240240480782127,1.6073689134187539,0.5497112496305159,0.19128824857217483,0.2346823934295692,0.4442250894030802,0.44227505002219486
689,2.928583650351056,1.5914923735519404,0.5434341523286059,0.18674194206305939,0.23051482670330653,0.4446013894867672,0.44272020250827254
690,2.933012701892219,1.5755404418321066,0.5371747762345708,0.18228537681164253,0.22625703299141145,0.4449638566514647,0.44315154305920573
691,2.937309853569698,1.5595105098047244,0.530931562398655,0.17793974638497406,0.22190531201165042,0.4453124592008062,0.44356903771069583
692,2.9414737964294635,1.5434043976390008,0.524704452411739,0.17372661616783908,0.21745700755234207,0.44564716681807676,0.4439726541080549
693,2.945503262094184,1.5272288921318673,0.51849506051677,0.16966781503397746,0.21291075703297896,0.4459679505258468,0.4443623614559429
694,2.949397023149584,1.510987028425126,0.5123037070172338,0.16578543891120298,0.20826409581729133,0.44627478264724824,0.4447381304699067
695,2.953153893518325,1.4946776591233513,0.5061292817837624,0.16210167119793942,0.2035132333768303,0.4465676367688848,0.44509993332971093
696,2.9567727288213,1.478304589602819,0.4999723432217046,0.15863883494930453,0.19865566977829857,0.4468464877053795,0.4454477436344575
697,2.96025242672622,1.4618740402106511,0.4938342510970782,0.15541932863537297,0.1936895490879154,0.4471113114655567,0.44578153635948525
698,2.9635919272833937,1.4453872753924508,0.4877146755887473,0.15246590248239753,0.1886114343705302,0.447362085220256,0.4461012878150429
699,2.9667902132486006,1.4288440534639275,0.4816127702873066,0.1498017912098346,0.18341725203264017,0.447598787271779,0.44640697560672643
700,2.969846310392954,1.4122497880972074,0.4755295865496643,0.14745097992243603,0.1781045505056685,0.4478213970249648,0.4466985785976747
701,2.9727592877996583,1.3956107781054747,0.4694664596064424,0.14543877224334117,0.17267109756852775,0.4480298949598967,0.446976076872516
702,2.975528258147577,1.378927110762608,0.46342262318861754,0.1437924533642515,0.167112520527419,0.44822426260623366,0.44723945170305374
703,2.9781523779815178,1.362197860543331,0.457396965519467,0.14254205519801808,0.16142387625443025,0.4484044825191698,0.447488685515687
704,2.9806308479691594,1.3454294953113008,0.4513908511105975,0.14172123132888356,0.15560254878450766,0.4485705382570192,0.447723761860559
705,2.982962913144534,1.3286286428867364,0.4454056860821455,0.14136666628375041,0.14964591677147362,0.4487224143604245,0.4479446653824207
706,2.985147863137998,1.311794836461119,0.4394404889150635,0.14152370514896798,0.14354870437519235,0.44886009633319024,0.44815138179320696
707,2.9871850323926177,1.294928453355627,0.43349455735537085,0.14227409099667532,0.13730566657125454,0.44898357062474087,0.44834389784631345
708,2.989073800366903,1.2780355869868618,0.4275690974341234,0.1436365380416645,0.13091346955970481,0.44909282461420236,0.44852220131257353
709,2.990813591723832,1.2611245153352402,0.4216660372364962,0.14529027237484007,0.12436954273001685,0.4491878465961092,0.4486862809579203
710,2.992403876506104,1.2625975797639644,0.4219342147217636,0.14699545694372365,0.1249454586322381,0.44926862576773774,0.44883612652273286
711,2.9938441702975687,1.2668470302981314,0.4231506244936639,0.14870856147429426,0.12660048580564204,0.4493351522180664,0.44897172870285906
712,2.995134034370785,1.2718976084066318,0.4246546544531623,0.1504154682040045,0.1285553432147227,0.4493874169183656,0.4490930791323091
713,2.9962730758206613,1.2772324437342393,0.4262737111784823,0.15211060978768098,0.13060600390809976,0.4494254117144214,0.44920017036761195
714,2.9972609476841368,1.2826666461749465,0.42794627113331973,0.15379158924004302,0.13268001045385194,0.4494491293203909,0.4492929958738357
715,2.9980973490458727,1.2881269366772041,0.42964813570418026,0.15545721318194333,0.13474905350963515,0.4494585633142989,0.44937155001226065
716,2.9987820251299127,1.2935862125731798,0.43137053701565364,0.15710677780049775,0.13680293416615075,0.44945370813517643,0.4494358280297053
717,2.999314767377287,1.2990314335886382,0.4331094047606613,0.1587398594498437,0.1388369781082721,0.4494345590818457,0.4494858260494997
718,2.9996954135095475,1.3044540053399571,0.434862152825639,0.1603561727854809,0.1408482879902886,0.449401112313359,0.44952154106410674
719,2.999923847578196,1.3098495789654077,0.4366276097384386,0.16195540928508811,0.14283560774595824,0.44935336485109395,0.4495429709293819
