time,0.1,0.41,1,10,100,1000000
0,0.1618551027560883,0.4490439260140192,0.6661692691622201,0.9104189052930153,0.9373916198065915,0.940294081867716
1,0.16178604313253112,0.4488945496068078,0.6660047892311157,0.9103158996576807,0.9373057633515391,0.9402103343485653
2,0.16170486317744182,0.4487171085278806,0.6658070378203594,0.9101886092798173,0.9371990104686824,0.9401061235027541
3,0.16161154673554434,0.44851155028731055,0.6655759326666045,0.9100369336741176,0.9370712633483308,0.939981351985967
4,0.16150607647818058,0.44827781704837194,0.6653113812371304,0.9098607557149876,0.9369224071515171,0.9398359053832734
5,0.16138843389350152,0.4480158455904097,0.6650132806586968,0.9096599415015785,0.9367523098644138,0.939669652105632
6,0.16125859927673017,0.4477255672706511,0.6646815176422494,0.9094343402084828,0.9365608221359133,0.9394824431909491
7,0.16111655172048053,0.44740690798490845,0.6643159684033714,0.9091837839218722,0.9363477770981418,0.9392741121292184
8,0.16096226910511313,0.44705978812711333,0.6639164985783869,0.9089080874608565,0.9361129901696517,0.9390444746582022
9,0.16079572808911316,0.4466841225476358,0.6634829631360123,0.9086070481838284,0.9358562588410143,0.9387933285698589
10,0.16061690409947063,0.44627982051032894,0.6630152062844568,0.9082804457795499,0.9355773624425554,0.9385204534598373
11,0.1604257713220453,0.4458467856482482,0.6625130613738671,0.9079280420427271,0.9352760618939299,0.9382256104597442
12,0.16022230269189863,0.44538491591798746,0.6619763507940134,0.9075495806338073,0.9349520994352273,0.9379085420069594
13,0.16000646988357184,0.44489410355257697,0.6614048858671078,0.9071447868227218,0.934605198339297,0.9375689715012491
14,0.15977824330129117,0.4443742350128844,0.6607984667356465,0.9067133672162867,0.9342350626049551,0.937206603025537
15,0.15953759206907725,0.4438251909374577,0.660156882245161,0.9062550094689588,0.9338413766307189,0.9368211209934485
16,0.15928448402073828,0.44324684609074755,0.6594799098217627,0.9057693819766337,0.9334238048687068,0.9364121898339814
17,0.1590188856897187,0.4426390693096434,0.6587673153443564,0.9052561335531554,0.9329819914583172,0.9359794536017839
18,0.15874076229878042,0.4420017234482527,0.6580188530113982,0.9047148930891987,0.9325155598392814,0.9355225355530966
19,0.15845007774948583,0.44133466532084614,0.6572342652020623,0.9041452691931617,0.93202411234369,0.9350410377870858
20,0.15814679461145076,0.4406377456428943,0.6564132823316788,0.9035468498136979,0.9315072297665207,0.9345345407676955
21,0.15783087411133345,0.4399108089701048,0.6555556227012921,0.9029192018434945,0.93096447091424,0.9340026028815116
22,0.15750227612151993,0.4391536936353669,0.6546609923411836,0.9022618707038902,0.9303953721309853,0.93344475994568
23,0.15716095914846342,0.43836623168350336,0.6537290848481936,0.9015743799099051,0.9297994468018265,0.9328605247383309
24,0.15680688032062848,0.4375482488037156,0.652759581216659,0.9008562306152303,0.9291761848325845,0.9322493864334834
25,0.15643999537598666,0.43669956425959827,0.6517521496627786,0.9001069011367178,0.9285250521056644,0.9316108100264283
26,0.1560602586490024,0.43581999081658657,0.6507064454421959,0.8993258464578676,0.9278454899113172,0.9309442358418288
27,0.15566762305703832,0.43490933466668275,0.6496221106605742,0.8985124977108071,0.9271369143537351,0.9302490788681413
28,0.15526204008610398,0.43396739535028944,0.6484987740769195,0.8976662616362107,0.9263987157313625,0.9295247280794746
29,0.15484345977585515,0.4329939656749594,0.6473360508993826,0.8967865200205968,0.9256302578907382,0.9287705459189408
30,0.15441183070374476,0.43198883163084073,0.6461335425732454,0.8958726291103961,0.9248308775531895,0.927985867477428
31,0.15396709996820587,0.43095177230257464,0.6448908365607637,0.8949239190021576,0.9239998836136603,0.9271699998469892
32,0.15350921317073368,0.42988255977736317,0.6436075061125102,0.8939396930082214,0.9231365564108779,0.9263222213859834
33,0.15303811439671242,0.428780959048887,0.6422831100298086,0.8929192269971442,0.9222401469680649,0.9254417809070247
34,0.15255374619480983,0.42764672791671055,0.6409171924178168,0.8918617687081243,0.9213098762033471,0.9245278969169461
35,0.1520560495547344,0.4264796168807516,0.6395092824287443,0.890766537038615,0.9203449341089381,0.923579756728409
36,0.151544963883121,0.4252793690303333,0.6380588939946418,0.8896327213042692,0.9193444788981352,0.9225965156571051
37,0.15102042697727086,0.42404571992726525,0.63656552554911,0.8884594804702894,0.9183076361191365,0.9215772960705494
38,0.15048237499643424,0.4227783974823037,0.6350286597371925,0.8872459423531893,0.9172334977345286,0.920521186506226
39,0.1499307424302684,0.4214771218242495,0.6334477631126133,0.8859912027918928,0.9161211211653416,0.919427240617489
40,0.14936546206405255,0.4201416051608185,0.6318222858213897,0.8846943247870108,0.9149695282983696,0.9182944762230398
41,0.14878646494017037,0.4187715516302727,0.6301516612707102,0.8833543376070234,0.9137777044554108,0.9171218742887419
42,0.14819368031529576,0.41736665714264404,0.6284353057817916,0.881970235859984,0.9125445973229827,0.9159083777443211
43,0.14758703561262748,0.4159266092091812,0.6266726182252208,0.8805409785292195,0.911269115840891,0.9146528904425615
44,0.14696645636841393,0.41445108675842035,0.6248629796370486,0.8790654879713401,0.9099501290479195,0.9133542759137357
45,0.14633186617189087,0.4129397599370172,0.6230057528136047,0.877542648874685,0.9085864648827321,0.9120113562476918
46,0.14568318659761625,0.4113922898931543,0.6211002818826652,0.875971307176106,0.9071769089378537,0.9106229106844624
47,0.14502033712902807,0.4098083285399698,0.6191458918481837,0.8743502689337306,0.9057202031644047,0.909187674428657
48,0.14434323507186653,0.4081875182960217,0.617141888105317,0.872678299153033,0.9042150445249268,0.9077043372042559
49,0.14365179545589538,0.4065294917992877,0.6150875559218818,0.8709541205631661,0.9026600835913877,0.9061715418780623
50,0.14294593092311808,0.40483387159061185,0.6129821598816939,0.8691764123400598,0.9010539230849544,0.904587882930523
51,0.14222555160040812,0.4031002697618153,0.6108249432844075,0.8673438087722517,0.8993951163537712,0.9029519049325061
52,0.14149056495417298,0.40132828756288297,0.608615127495495,0.8654548978647532,0.8976821657843066,0.9012621009459207
53,0.1407408756243133,0.3995175149617133,0.606351911238839,0.863508219875463,0.8959135211412114,0.8995169108204005
54,0.13997638523435318,0.39766753014882966,0.6040344698230313,0.8615022657776631,0.8940875778297345,0.8977147193788536
55,0.13919699217417777,0.3957778989782261,0.6016619542908375,0.8594354756409386,0.8922026750737678,0.8958538547145581
56,0.13840259135132504,0.3938481743340915,0.5992334904793711,0.8573062369214096,0.8902570940012817,0.893932586124004
57,0.13759307390624384,0.39187789541153656,0.5967481779762535,0.8551128826503671,0.8882490556273608,0.8919491220436891
58,0.13676832688633586,0.3898665868976113,0.5942050889543967,0.8528536895082034,0.8861767187231575,0.889901608045205
59,0.13592823287296277,0.3878137580368229,0.5916032668649586,0.8505268757678299,0.8840381775566627,0.8877881243822403
60,0.13507266955490776,0.3857189015630347,0.5889417249644385,0.8481305990884516,0.8818314594882674,0.8856066836435074
61,0.13420150924105104,0.38358149247704104,0.5862194446477488,0.8456629541364928,0.8795545224004437,0.883355228138874
62,0.13331461830425417,0.38140098664625666,0.5834353735543409,0.8431219700054954,0.8772052519363692,0.8810316271859522
63,0.1324118565476635,0.37917681919984175,0.5805884234090624,0.8405056074007047,0.8747814585167377,0.8786336739442345
64,0.13149307648386296,0.3769084026892297,0.5776774675532761,0.8378117555466734,0.8722808740971574,0.876159082315966
65,0.13055812251654247,0.3745951249804472,0.5747013381149106,0.8350382287672021,0.8697011486200701,0.8736054832516564
66,0.129606830013659,0.3722363468409014,0.5716588227584612,0.8321827626761112,0.8670398461048301,0.8709704209305555
67,0.1286390242604704,0.36983139917950675,0.5685486609475866,0.8292430099043129,0.8642944403069563,0.8682513483524942
68,0.12765451928039548,0.3673795798952746,0.5653695396438687,0.8262165352731273,0.861462309862335,0.8654456224864645
69,0.12665311651145644,0.3648801502859423,0.562120088355663,0.8231008103054027,0.8585407328137041,0.8625504988048277
70,0.1256346033261835,0.36233233096508183,0.5587988734409218,0.8198932069443984,0.8555268803947826,0.8595631250718896
71,0.1245987513834024,0.3597352972336793,0.5554043915577287,0.81659099032527,0.8524178099212845,0.8564805342364522
72,0.12354531480142839,0.3570881738507575,0.551935062146404,0.8131913104150813,0.8492104566072993,0.8532996363228906
73,0.12247402814397323,0.3543900291476479,0.5483892188179896,0.8096911923044069,0.8459016240899322,0.850017208902314
74,0.12138460421273935,0.3516398684325394,0.544765099516399,0.806087524896834,0.8424879734040509,0.8466298862041355
75,0.12027673164440049,0.3488366266365645,0.5410608353164466,0.8023770477022242,0.8389660101027069,0.8431341461886072
76,0.11915007231468874,0.3459791601606917,0.5372744377185277,0.7985563353961573,0.8353320691673175,0.8395262956378913
77,0.11800425855887195,0.34306623789494883,0.533403784304345,0.7946217797625703,0.8315822972957344,0.8358024524059383
78,0.1168388902262842,0.34009653139903995,0.5294466026285608,0.7905695685909628,0.8277126320972636,0.8319585246548039
79,0.11565353159706199,0.3370686042573838,0.525400452240714,0.7863956610561739,0.8237187776633907,0.8279901866146253
80,0.11444770820214605,0.3339809006532898,0.5212627047626899,0.782095759071088,0.8195961759246786,0.8238928498174038
81,0.11322090360323647,0.3308317332478048,0.5170305219923986,0.7776652740754099,0.8153399731526719,0.8196616297358561
82,0.11197255620804197,0.327619270500188,0.5127008320673805,0.7730992887129328,0.810944980926144,0.8152913066425214
83,0.11070205621807987,0.3243415236305479,0.5082703038065285,0.7683925128632846,0.8064056308623477,0.8107762802938597
84,0.10940874283168413,0.3209963335023609,0.5037353194579269,0.7635392335415478,0.801715922425642,0.8061105175354641
85,0.10809190185382961,0.3175813577947596,0.49909194622014896,0.7585332582720961,0.7968693631813131,0.8012874922627858
86,0.10675076389684768,0.3140940589426797,0.49433590707733255,0.7533678516952064,0.7918589009764763,0.7963001171091845
87,0.10538450339181844,0.31053169344776616,0.48946255169887515,0.7480356653923714,0.7866768477217186,0.7911406666545651
88,0.10399223866884716,0.3068913033042695,0.48446682840578303,0.7425286612365206,0.7813147947373931,0.7858006917917936
89,0.10257303340466271,0.303169710440855,0.4793432584996739,0.7368380290056926,0.7757635200411889,0.7802709259959176
90,0.10112589977667628,0.2993635152487895,0.4740859145871727,0.7309540995628555,0.770012888514521,0.7745411837292006
91,0.09964980370189327,0.2954691004450481,0.4686884049094877,0.7248662556195069,0.7640517466202779,0.768600253510226
92,0.09814367257431576,0.2914826416988289,0.4631438660977592,0.7185628429826568,0.7578678142785931,0.7624357871839738
93,0.09660640594240114,0.2874001266223257,0.4574449672079361,0.7120310862445546,0.7514475776611433,0.7560341901263957
94,0.09503688958455882,0.2832173838784982,0.45158392832638466,0.7052570141136758,0.7447761880498466,0.7493805166017089
95,0.09343401344056633,0.2789301242732734,0.44555255745310485,0.6982254009913962,0.7378373735215473,0.7424583776212984
96,0.09179669383424986,0.27453399575616794,0.43934230972761007,0.6909197329389456,0.73061337204377,0.7352498700487046
97,0.09012390037119766,0.2700246542265006,0.43294437331669156,0.683322207793718,0.7230848965456804,0.7277355366823276
98,0.08841468780756641,0.2653978519030072,0.4263497863751579,0.6754137807876168,0.7152311445714844,0.7198943710982662
99,0.0866682330551059,0.26064954473065416,0.4195495893506995,0.6671742684545632,0.7070298670883333,0.7117038819080679
100,0.08488387730690264,0.2557760198365762,0.41253501645314733,0.6585825247007466,0.698457512703108,0.7031402318901204
101,0.08306117303313644,0.25077404337592946,0.40529772926185614,0.6496167034070199,0.6894894646696919,0.6941784714616579
102,0.08119993530419986,0.24564102820272163,0.39783009411969533,0.6402546215433736,0.6801003882957407,0.6847928828448405
103,0.0793002965518393,0.24037521964655917,0.39012550308681365,0.6304742351656746,0.6702647052777563,0.6749574536422923
104,0.07736276348519945,0.23497589627825788,0.3821787357571683,0.6202542374850498,0.6599572086584038,0.664646492556297
105,0.07538827445268279,0.22944358093570466,0.3739863561748871,0.6095747831276745,0.6491538270696785,0.653835397648712
106,0.07337825510565682,0.22378025551974265,0.3655471354894033,0.5984183355054005,0.6378325393353194,0.6425015785742421
107,0.07133466980863776,0.21798957126080448,0.35686248700583556,0.586770624833432,0.6259744301665247,0.6306255233911907
108,0.06926006589364125,0.21207704444502753,0.3479368961682042,0.5746216929625669,0.6135648646995683,0.6181919890125697
109,0.06715760762172764,0.2060502261574122,0.33877832411273917,0.5619669883962782,0.6005947445119795,0.6051912768848277
110,0.06503109664340377,0.19991883366226587,0.32939856019953884,0.5488084616132872,0.5870617915512294,0.5916205409916537
111,0.06288497589018892,0.1936948308212274,0.3198134968944352,0.5351555985212179,0.572971790714986,0.5774850566972489
112,0.060724314221614416,0.1873924456528029,0.31004330006455066,0.5210263202922024,0.558339708732924,0.5627993686019813
113,0.05855476981691917,0.18102811491837079,0.30011244964297434,0.5064476729196545,0.54319059892553,0.5475882235867869
114,0.056382531234873995,0.17462034854149835,0.2900496300258361,0.49145623141750344,0.5275602007307046,0.5318871966296366
115,0.05421423623290509,0.16818951066898008,0.2798874565525526,0.47609815300470465,0.5114951514772846,0.5157429245591096
116,0.052056869767853425,0.16175751905519076,0.2696620337227279,0.4604288313524007,0.49505274663352966,0.4992128816683104
117,0.04991764399305197,0.15534746983922576,0.2594123517938219,0.4445121293095748,0.47830021313188487,0.48236466066715744
118,0.04780386439381731,0.14898320020528144,0.2491795401187776,0.42841919844536946,0.46131349619538836,0.4652747565487177
119,0.045722787329958346,0.1426888063160865,0.2390060068190596,0.4122269270538915,0.44417559966238407,0.4480268955391804
120,0.043681475051710716,0.13648813773271343,0.2289345038628731,0.3960160899977227,0.4269745583687344,0.43070998552291156
121,0.041686654624208466,0.13040429181220975,0.21900716316558996,0.37986929983452655,0.40980115366572256,0.4134158034085469
122,0.039744587079001574,0.12445913200066566,0.2092645520999226,0.36386887560350634,0.39274650523833,0.39623655125432655
123,0.037860952507914034,0.11867285242589833,0.19974479541631665,0.34809475123757133,0.37589968113212024,0.3792624290609
124,0.03604075578048602,0.11306360789202549,0.1904828051898964,0.33262253928026486,0.3593454624174518,0.3625793612626601
125,0.03428825620691253,0.10764722365646581,0.1815096517046511,0.3175218486290222,0.34316238047253395,0.34626699742931494
126,0.032606922923668305,0.10243699375583892,0.172852097229676,0.3028549300498045,0.32742111651496847,0.3303970803888536
127,0.03099941620260366,0.09744357074377798,0.16453230271853145,0.28867569375508406,0.3121833189524915,0.31503223727155255
128,0.029467593422104938,0.09267494409861088,0.15656770585722415,0.27502911316875395,0.2975008588637313,0.30022521520805434
129,0.02801253721041025,0.08813649974512303,0.14897105870204932,0.26195100147147227,0.2834155115061182,0.28601855056206066
130,0.02663460235693368,0.08383114945503689,0.1417506051740353,0.24946812512071215,0.2699590252051434,0.27244463121910506
131,0.02533347752399411,0.07975951651443151,0.1349103733255751,0.23759860268419125,0.25715352003864655,0.2595260943418083
132,0.024108257573485815,0.07592016297490244,0.1284505546163091,0.22635252835749456,0.24501214784029757,0.247276491505451
133,0.02295752241164255,0.07230984390396153,0.12236794217870803,0.21573275691968616,0.2335399416021126,0.23570114451581503
134,0.021879418588192572,0.06892377509143806,0.11665640176449274,0.20573578947965412,0.22273478503262234,0.22479812607168204
135,0.0208717403910208,0.06575590237954346,0.11130735218499337,0.19635270574862462,0.2125884401502858,0.21455929946001176
136,0.019932007780717947,0.06279916288864196,0.10631023602593791,0.18757009727473986,0.2030875806431135,0.20497136313985403
137,0.01905753914562003,0.060045730661068636,0.10165296572204183,0.17937096578244122,0.19421478977402473,0.19601686223039616
138,0.018245517474345045,0.057487241442042626,0.09732233431059333,0.17173556042682944,0.18594949263729277,0.18767513225152763
139,0.01749304910145125,0.05511499331644515,0.09330438405309276,0.16464213665925845,0.17826880271313275,0.17992315598525319
140,0.016797214659268575,0.05292012163448335,0.08958472943941245,0.15806762705405694,0.17114827140264338,0.1727363240026056
141,0.016155112254506228,0.05089374804725914,0.08614883378662205,0.15198822066217746,0.16456253631848147,0.16608909110778086
142,0.015563893181240985,0.04902710453157836,0.08298224070635786,0.14637985221557617,0.1584858695341922,0.15995553112543467
143,0.01502079068880533,0.04731163403474422,0.08007076318466405,0.14121860591260882,0.1528926308834907,0.15430979828349287
144,0.014523142454722873,0.045739069853379846,0.07740063397207243,0.13648104074931972,0.14775763395270605,0.14912649646687542
145,0.01406840748214277,0.0443014961218968,0.07495862150964483,0.13214444563455874,0.14305643387072633,0.1443809720621233
146,0.013654178161498035,0.04299139187368137,0.07273211581092129,0.12818703305197562,0.1387655466118126,0.1400495368763467
147,0.013278188219926927,0.04180166109612157,0.07070918866628827,0.12458808000507288,0.13486260951294163,0.13610962970326898
148,0.012938317240371953,0.040725651068414775,0.06887863231051666,0.12132802457224591,0.13132649226068446,0.13253993095107822
149,0.01263259237446335,0.03975716108132968,0.06722998035812312,0.1183885257454632,0.12813736688047375,0.12932043198238638
150,0.012359187806640555,0.038890443416627854,0.06575351441420672,0.11575249343754664,0.12527674438561606,0.12643247453178638
151,0.012116422457067665,0.0381201982302556,0.06444025934730628,0.11340409469888542,0.12272748480535219,0.1238587602891085
152,0.0119027563417878,0.037441563751833384,0.0632819697923637,0.11132874134314687,0.12047378637591274,0.1215833396124426
153,0.011716785942987246,0.03685010299292771,0.062271110053709756,0.10951306337975585,0.11850115878711973,0.11959158650657675
154,0.011557238881907381,0.03634178795403779,0.0614008292115529,0.1079448719136968,0.11679638455756099,0.11787015817827765
155,0.011422968132782157,0.035912982138362706,0.06066493290629799,0.10661311451144691,0.11534747187588111,0.11640694866549016
156,0.011312945968513203,0.035560422020401175,0.060057852985574846,0.10550782545055805,0.1141436016006571,0.11519103490040114
157,0.011226257787579044,0.03528119797908579,0.059574615948819534,0.10462007276943702,0.11317507055399813,0.11421261952489478
158,0.011162095936562125,0.035072735087318445,0.059210810911098526,0.10394190360666432,0.11243323277088998,0.11346297244106651
159,0.011119753613184026,0.03493277405081916,0.0589625576292948,0.10346628896213013,0.11191043996939362,0.11293436948673242
160,0.01109861891028534,0.03485935250715222,0.05882647498535061,0.10318706871587625,0.11159998217821983,0.1126200338314909
161,0.011098169041189154,0.034850786828682645,0.05879965020019913,0.10309889749826244,0.1114960291892163,0.11251407553386936
162,0.011117964770743737,0.03490565451900922,0.058879608953923156,0.10319719180928373,0.1115935732857197,0.11261143534725448
163,0.011157645063515924,0.03502277724932864,0.05906428650985443,0.10347807862926492,0.11188837352430432,0.11290782681654946
164,0.011216921950592231,0.035201204547488554,0.059351999879236804,0.10393834564049224,0.1123769017119623,0.11339968319829449
165,0.011295575608810896,0.0354401981267213,0.05974142101635882,0.10457539308571609,0.11305629011649532,0.1140841035395274
166,0.011393449640591635,0.03573921682191809,0.06023155099922776,0.10538718721872634,0.11392428086932965,0.1149588019521591
167,0.01151044653853704,0.03609790208768992,0.06082169512589159,0.1063722152515019,0.1149791769636906,0.11602205899239838
168,0.011646523316359568,0.036516064003445294,0.06151143883988649,0.1075294416676852,0.11621979471190512,0.1172726717299372
169,0.011801687286209894,0.03699366772549133,0.06230062438836996,0.10885826575094276,0.11764541750232144,0.11870990946627945
170,0.011975991961950193,0.03753082032410123,0.06318932811226413,0.11035848016652197,0.11925575068402382,0.12033346568430119
171,0.012169533068166542,0.038127757944024766,0.06417783826821821,0.11203023043337673,0.1210508774066218,0.12214341521155986
172,0.01238244463561456,0.038784833229618565,0.06526663328644128,0.1138739751306692,0.12303121524872486,0.12414017028336419
173,0.012614895165226138,0.03950250296024897,0.06645636037597169,0.115890446695291,0.1251974734828331,0.12632443614527517
174,0.012867083844680287,0.0402813158475603,0.06774781439903362,0.11808061268482124,0.12755061084315367,0.12869716963995403
175,0.013139236803775746,0.0411219004533383,0.0691419169483781,0.12044563740242534,0.1300917936873822,0.1312595364985749
176,0.013431603397357541,0.04202495319477363,0.07063969557540231,0.122986843805393,0.1328223544705331,0.1340128692093354
177,0.013744452507291647,0.04299122641274795,0.07224226313208296,0.12570567564694685,0.13574375047933632,0.136958625736225
178,0.014078068857874135,0.04402151648809367,0.07395079720591781,0.1286036598305096,0.13885752280821062,0.1400983477320294
179,0.014432749342056116,0.04511665200044662,0.0757665196438046,0.13168236898645289,0.14216525559126036,0.14343361951147832
180,0.014808799358898901,0.046277481934102235,0.07769067617779686,0.1349433843125576,0.14566853553863857,0.14696602716109564
181,0.01520652916568643,0.04750486394502633,0.07972451618251979,0.13838825875046665,0.14936891186002732,0.1506971181348296
182,0.01562625025106602,0.04879965271265494,0.08186927261049957,0.1420184806005933,0.15326785669003698,0.1546283613289064
183,0.016068271738388772,0.05016268840916693,0.08412614216730098,0.14583543770656301,0.15736672616262204,0.15876110746710673
184,0.016532896831040374,0.05159478532732768,0.08649626580288623,0.14984038236681058,0.16166672230922802,0.16309655094856493
185,0.017020419313926043,0.05309672071561132,0.08898070960870816,0.15403439715455097,0.16616885598220088,0.1676356923555463
186,0.017531120127346308,0.054669223875936646,0.09158044622140392,0.15841836184767594,0.1708739110264644,0.1723793022758842
187,0.01806526403123893,0.05631296558483744,0.09429633684321924,0.1629929216864379,0.1757824099397518,0.1773278864489746
188,0.01862309637910808,0.05802854790310298,0.097129113996364,0.16775845718865995,0.18089458127553482,0.18248165312957818
189,0.019204840021899153,0.05981649444174824,0.10007936513301578,0.17271505575929322,0.18621032904874946,0.1878404825231473
190,0.019810692362566062,0.061677241153514396,0.10314751722459158,0.17786248533301485,0.19172920440759586,0.19340389715786496
191,0.020440822582106187,0.06361112771892746,0.1063338224530808,0.18320017028519142,0.1974503798292155,0.19917103729702662
192,0.021095369057411963,0.0656183895942035,0.10963834512361847,0.1887271698376072,0.2033726260882112,0.20514063646202463
193,0.02177443699039358,0.06769915078504041,0.11306094991112714,0.19444215917128554,0.20949429222972632,0.21131100197448283
194,0.022478096266496956,0.06985341740559786,0.11660129154488123,0.20034341343928855,0.21581328875814668,0.21767999809297786
195,0.023206379559001854,0.0720810720758689,0.12025880602338072,0.20642879484827803,0.2223270742248068,0.2242450322493009
196,0.023959280693364754,0.07438186920328192,0.12403270343823182,0.21269574294911095,0.2290326453665072,0.23100304502036145
197,0.02473675328343056,0.07675543118593539,0.12792196247009482,0.21914126824438948,0.23592653091068658,0.23795050465881418
198,0.02553870964862604,0.0792012455655228,0.13192532660250297,0.22576194918550635,0.2430047891235978,0.2450834039110839
199,0.026365020018328585,0.08171866314797324,0.13604130208090476,0.2325539325940151,0.25026300913592764,0.2523972620581067
200,0.027215512026541235,0.08430689709934329,0.14026815762497732,0.23951293750281805,0.25769631603658505,0.2598871299329402
201,0.02808997049687593,0.08696502301377135,0.14460392588261398,0.24663426237286262,0.2652993796812595,0.26754759899101954
202,0.028988137514711226,0.08969197993959313,0.14904640659436108,0.2539127956012963,0.27306642711817203,0.2753728135579949
203,0.029909712780317368,0.09248657233924139,0.1535931714179308,0.2613430291985169,0.28099125849073675,0.283356487929555
204,0.03085435423380303,0.09534747294853149,0.15824157034414807,0.26891907547485594,0.28906726623631285,0.29149192515528605
205,0.03182167893998041,0.09827322649157362,0.16298873961864796,0.27663468654366913,0.2972874573624161,0.2997720394252854
206,0.03281126421872578,0.10126225419901667,0.16783161106817376,0.2844832764169554,0.3056444785481504,0.30818938290620496
207,0.03382264900417283,0.10431285906977865,0.17276692271669328,0.2924579454428911,0.31413064378899436,0.3167361720095674
208,0.03485533541415587,0.10742323180996645,0.17779123056498744,0.3005515068122889,0.3227379642784227,0.3254043188983118
209,0.03590879050972785,0.11059145737741465,0.18290092139800804,0.3087565148433055,0.3314581802006331,0.3341854633250434
210,0.03698244822335008,0.11381552205624124,0.18809222647727616,0.3170652947409553,0.3402827940947201,0.34307100678366886
211,0.038075711433474775,0.11709332098304018,0.19336123597090224,0.3254699735201416,0.3492031054423473,0.3520521465943116
212,0.03918795416272574,0.12042266604479494,0.19870391397147355,0.333962511778043,0.3582102461280544,0.361119913248076
213,0.040318523876709284,0.12380129406827269,0.20411611395195745,0.34253473600355433,0.3672952164240882,0.37026520557986126
214,0.04146674386064067,0.1272268752214692,0.20959359451181858,0.3511783711178294,0.37644892115889755,0.3794788280079951
215,0.04263191565142814,0.13069702154954563,0.21513203526957958,0.3598850729505003,0.3856622057409302,0.3887515270327533
216,0.04381332150358552,0.1342092955705177,0.22072705276384477,0.36864646037035426,0.3949258917254122,0.39807402684063553
217,0.04501022686831307,0.13776121885961795,0.2263742162321829,0.3774541468067358,0.40423081163182845,0.4074370647580456
218,0.046221882866258335,0.1413502805556189,0.23206906314593695,0.38629977091814105,0.41356784274296526,0.416831425923755
219,0.047447528735816036,0.14497394572736247,0.237807114388802,0.39517502618683154,0.4229279396414883,0.4262479750309177
220,0.048686394240293994,0.1486296635441414,0.2435838889775912,0.40407168924234954,0.4323021652675054,0.4356776887575207
221,0.04993770201885229,0.1523148751993141,0.24939491823478538,0.4129816467419611,0.44168172030878344,0.4451116850071936
222,0.05120066986774609,0.1560270215424688,0.25523575933398673,0.42189692066175166,0.45105797076455995,0.45454125104134585
223,0.052474512940077184,0.15976355038147463,0.2611020081510516,0.4308096918780194,0.4604224735529069,0.46395786875610906
224,0.05375844585391673,0.16352192342177274,0.26698931136525694,0.43971232194408666,0.46976700006038385,0.47335323906542237
225,0.05505168470030829,0.1672996228161574,0.2728933777662059,0.44859737299254243,0.4790835575608403,0.48271930316978573
226,0.0563534489442506,0.17109415730401425,0.2788099887331121,0.45745762571664317,0.4883644084565253,0.49204826200231083
227,0.05766296321328929,0.17490306792443902,0.28473500786350125,0.466286095407121,0.49760208732043526,0.5013325933841893
228,0.05897945896979188,0.17872393329280295,0.290664389738155,0.47507604604146325,0.5067894157415745,0.5105650671469647
229,0.06030217606433122,0.1825543744351175,0.2965941878181435,0.4838210024419369,0.515919514996729,0.5197387576149459
230,0.061630364168849566,0.18639205917894996,0.3025205614780755,0.49251476053587423,0.5249858165912671,0.5288470539982449
231,0.06296328408941697,0.1902347061036268,0.30843978218712614,0.5011513957671128,0.5339820707287669,0.5378836694869971
232,0.06430020895941807,0.19408008805602817,0.3143482388560069,0.5097252697208347,0.5429023527838385,0.5468426470227445
233,0.0656404253149149,0.19792603524141567,0.3202424423737954,0.5182310350355044,0.5517410678653926,0.5557183642912936
234,0.0669832340547315,0.2017704379014577,0.32611902936347253,0.5266636386850391,0.5604929535677307,0.5645055361535259
235,0.06832795128848858,0.2056112485939265,0.33197476518912733,0.5350183237220514,0.5691530810151777,0.5731992155775545
236,0.06967390907640302,0.20944648409046104,0.33780654625113876,0.543290629578825,0.5777168543124515,0.5817947931593643
237,0.07102045606514107,0.21327422691033804,0.3436114016082621,0.5514763910269522,0.586180008517185,0.5902879948791581
238,0.07236695802440048,0.2170926265093939,0.34938649396748755,0.559571735899257,0.5945386062537339,0.5986748783163182
239,0.0737127982891936,0.22089990014412025,0.3551291200838533,0.5675730816789667,0.6027890330887854,0.6069518282877255
240,0.07505737811302045,0.2246943334315431,0.36083671061314726,0.5754771310611327,0.6109279917887326,0.6151155508679429
241,0.07640011693725651,0.2284742806258154,0.36650682946067176,0.5832808665903262,0.6189524955775009,0.6231630660125987
242,0.07774045258216739,0.23223816463254218,0.37213717266903257,0.5909815444765911,0.6268598605107952,0.6310917003107344
243,0.07907784136497004,0.2359844767817333,0.377725566887315,0.5985766876888656,0.6346476970794687,0.6388990780846171
244,0.0804117581503337,0.2397117763799758,0.38326996746306496,0.6060640784215361,0.6423139011500955,0.6465831122338718
245,0.08174169633863551,0.24341869006196565,0.3887684561972688,0.6134417500257391,0.6498566443464635,0.6541419945179102
246,0.0830671677971684,0.24710391096094605,0.3942192388010598,0.620707978492496,0.6572743639697951,0.6615741848436199
247,0.08438770273935563,0.25076619771691133,0.399620642091234,0.6278612735698942,0.6645657525502339,0.6688784012365875
248,0.08570284955685319,0.25440437334065524,0.40497111095984845,0.6349003695914213,0.6717297471158448,0.6760536085369628
249,0.08701217460922592,0.25801732395089727,0.41026920515127707,0.6418242160873054,0.6787655182594476,0.6830990072597987
250,0.08831526197567864,0.2616039974008269,0.41551359587810743,0.6486319682453654,0.6856724590772119,0.6900140225052239
251,0.08961171317309888,0.2651634018094816,0.4207030623052408,0.65532297728253,0.6924501740469182,0.6967982925898286
252,0.09090114684444252,0.2686946040124245,0.4258364879295118,0.6618967807829021,0.6990984679076495,0.7034516575469728
253,0.09218319842125634,0.2721967279452394,0.4309128568801063,0.668353093053045,0.7056173345965165,0.709974148339
254,0.09345751976390133,0.27566895297240684,0.4359312501630464,0.6746917955401308,0.7120069462926036,0.7163659752133638
255,0.09472377878280097,0.2791105121731915,0.4408908418710465,0.6809129273537256,0.7182676426123619,0.7226275170493628
256,0.09598165904381221,0.28252069059524826,0.44579089537812816,0.6870166759273271,0.7243999199956337,0.7287593105801312
257,0.09723085936058566,0.28589882348576773,0.4506307595365451,0.6930033678513641,0.7304044213163001,0.7347620397414947
258,0.09847109337656278,0.28924429450911837,0.455409864891805,0.698873459905148,0.7362819257469314,0.7406365253021912
259,0.09970208913904365,0.29255653395911185,0.4601277199298914,0.7046275303113879,0.7420333389022261,0.7463837151872689
260,0.10092358866755377,0.29583501697323666,0.4647839073691994,0.7102662702331705,0.7476596832819281,0.752004674456438
261,0.10213534751854146,0.29907926175545063,0.4693780805081991,0.7157904755299354,0.7531620890302222,0.7575005761785876
262,0.10333713434824872,0.30228882781341604,0.4739099596384346,0.7212010387858081,0.7585417850248344,0.7628726922298444
263,0.10452873047542463,0.305463314215395,0.4783793285311523,0.7264989416207865,0.7638000903060197,0.7681223847531665
264,0.10570992944537816,0.3086023578713989,0.48278603100463513,0.7316852472926348,0.7689384058525962,0.7732510977312468
265,0.10688053659671326,0.31170563184260375,0.48712996757819127,0.7367610935949338,0.773958206709624,0.7782603491044658
266,0.10804036863193928,0.31477284368250047,0.4914110922177058,0.7417276860546019,0.7788610344697181,0.7831517230663517
267,0.10918925319301241,0.31780373381275145,0.49562940917671483,0.7465862914302357,0.7836484901081915,0.7879268629387268
268,0.11032702844273712,0.32079807393625703,0.49978496993609317,0.7513382315109122,0.7883222271699786,0.7925874642200719
269,0.11145354265283278,0.32375566548952067,0.5038778702446511,0.7559848772135468,0.7928839453048773,0.797135267963154
270,0.11256865379936797,0.32667633813600166,0.5079082472622344,0.7605276429755751,0.7973353841460674,0.8015720548315681
271,0.1136722291661557,0.32955994830179947,0.5118762768062661,0.7649679814385343,0.801678317525662,0.805899638958245
272,0.11476414495661534,0.33240637775468784,0.515782170702103,0.7693073784171335,0.8059145480199377,0.8101198626886047
273,0.11584428591451833,0.33521553222722644,0.5196261742370656,0.773547348147512,0.8100459018160241,0.8142345912925387
274,0.11691254495396057,0.3379873400844175,0.5234085637175434,0.7776894288076854,0.814074223891027,0.8182457081303853
275,0.11796882279882659,0.3407217510361363,0.5271296441281843,0.78173517830256,0.8180013734939939,0.8221551100052238
276,0.11901302763195643,0.34341873489435953,0.5307897468918248,0.7856861703054085,0.8218292199206408,0.8259647031330358
277,0.12004507475415689,0.34607828037502575,0.5343892277285196,0.7895439905473302,0.8255596385703504,0.8296763988775027
278,0.1210648862531564,0.3487003939441998,0.5379284646117674,0.793310233345902,0.8291945072747513,0.8332921102760174
279,0.12207239068254873,0.35128509870806685,0.5414078558198139,0.7969864983640463,0.8327357028869029,0.8368137486187492
280,0.12306752275073332,0.3538324333461576,0.5448278180797269,0.8005743875899743,0.8361850981201904,0.8402432200624341
281,0.12405022301981972,0.35634245108709844,0.548188784801789,0.804075502529025,0.8395445586258006,0.8435824229246741
282,0.12502043761443243,0.3588152187260839,0.5514912044016329,0.8074914415981896,0.842815940297895,0.8468332448019352
283,0.1259781179403237,0.36125081568319367,0.5547355387074469,0.8108237977141569,0.8460010867955357,0.8499975602905612
284,0.1269232204126743,0.3636493331016069,0.55792226144951,0.8140741560658058,0.8491018272706817,0.8530772284613495
285,0.12785570619394265,0.36601087298471663,0.5610518568292653,0.8172440920621837,0.8521199742916721,0.8560740910363784
286,0.12877554094110244,0.3683355473710988,0.5641248181651102,0.8203351694471771,0.8550573219518888,0.8589899702474998
287,0.12968269456209242,0.3706234775462617,0.5671416466120683,0.8233489385722537,0.8579156441535363,0.8618266673559545
288,0.13057714098128886,0.3728747932900699,0.5701028499525088,0.8262869348188743,0.8606966930567084,0.8645859609453752
289,0.13145885791380052,0.3750896321587262,0.573008941455095,0.8291506771623873,0.8634021976842636,0.8672696055914677
290,0.13232782664837467,0.3772681388001772,0.5758604387991685,0.8319416668694697,0.8660338626732992,0.8698793306671496
291,0.13318403183869731,0.379410464301811,0.5786578630618094,0.834661386321425,0.868593367164337,0.8724168391346104
292,0.134027461302863,0.38151676556930686,0.5814017377648621,0.8373112979559211,0.8710823638196727,0.8748838066961886
293,0.13485810583078808,0.38358720473551094,0.5840925879792592,0.8398928433200042,0.8735024779626823,0.8772818808574658
294,0.13567595899933538,0.38562194859821664,0.5867309394840448,0.8424074422275182,0.875855306830175,0.879612680189238
295,0.13648101699491882,0.3876211680857422,0.5893173179775473,0.8448564920143137,0.8781424189302618,0.8818777937956855
296,0.13727327844335466,0.389585037749213,0.5918522483382309,0.8472413668849254,0.8803653534985066,0.8840787806857882
297,0.1380527442467273,0.3915137352804787,0.5943362539328152,0.8495634173446535,0.8825256200454837,0.886217169394798
298,0.13881941742703796,0.39340744105461184,0.5967698559693286,0.8518239697112688,0.8846246979891724,0.8882944576296179
299,0.13957330297640694,0.3952663376959593,0.5991535728928364,0.8540243257008194,0.8866640363659436,0.8903121118919607
300,0.1403144077136026,0.3970906096667431,0.6014879198216533,0.8561657620822877,0.8886450536142091,0.8922715674927488
301,0.14104274014667403,0.3988804428772311,0.6037734080219345,0.8582495303960922,0.8905691374250968,0.8941742282072043
302,0.14175831034146585,0.4006360243165264,0.6060105444186077,0.8602768567316937,0.8924376446548291,0.8960214663334132
303,0.14246112979580056,0.4023575417030478,0.6081998311406884,0.8622489415597915,0.8942519012937439,0.8978146226319328
304,0.1431512113191151,0.4040451831538093,0.6103417650990964,0.864166959614845,0.8960132024872053,0.8995550063854979
305,0.1438285689173466,0.40569913687162285,0.6124368375951611,0.8660320598238802,0.8977228126038806,0.9012438954568307
306,0.14449321768286255,0.4073195908493904,0.6144855339580855,0.8678453652777558,0.8993819653471362,0.9028825364323461
307,0.145145173689239,0.4089067325906679,0.6164883332096998,0.8696079732412838,0.900991863905578,0.9044721448217719
308,0.1457844538906961,0.41046074884571976,0.6184457077549163,0.8713209551987977,0.9025536811389397,0.9060139052246211
309,0.14641107602600137,0.4119818253623061,0.6203581230963592,0.8729853569319576,0.9040685597957892,0.9075089715909022
310,0.14702505852666123,0.41347014665047555,0.622226037571714,0.8746021986267745,0.905537612759747,0.9089584674649356
311,0.14762642042922353,0.41492589576066047,0.624049902112405,0.876172475007004,0.9069619233210782,0.9103634862539541
312,0.14821518129152117,0.4163492540744032,0.6258301600222724,0.8776971554912452,0.9083425454707535,0.9117250916167269
313,0.14879136111268992,0.41774040110706107,0.6275672467749851,0.8791771843712282,0.9096805042142324,0.9130443177276466
314,0.14935498025680255,0.419099514321871,0.629261589828979,0.8806134810089417,0.910976795902426,0.9143221696569802
315,0.14990605937996151,0.42042676895477504,0.6309136084587733,0.8820069400503937,0.9122323885774444,0.915559623723685
316,0.15044461936070422,0.4217223378494341,0.6325237136015718,0.8833584316539362,0.913448222330902,0.916757627841349
317,0.15097068123357332,0.4229863913018797,0.6340923077181045,0.8846688017312239,0.9146252096726962,0.9179171019665004
318,0.15148426612571472,0.4242190969142795,0.6356197846667226,0.885938872198997,0.9157642359083361,0.9190389384408523
319,0.15198539519636814,0.4254206194573118,0.6371065295898063,0.887169441240003,0.9168661595230064,0.9201240024317017
320,0.15247408957912223,0.4265911207406649,0.6385529188115886,0.8883612835714749,0.9179318125707091,0.9211731323028706
321,0.15295037032680622,0.4277307594912062,0.6399593197465506,0.8895151507197057,0.9189620010669057,0.9221871400251667
322,0.15341425835890335,0.4288396912383722,0.6413260908175801,0.8906317712993386,0.9199575053832383,0.9231668116046873
323,0.15386577441136562,0.42991806820636363,0.6426535813831301,0.8917118512961055,0.9209190806429781,0.9241129074757969
324,0.15430493898872272,0.43096603921274224,0.6439421316726535,0.8927560743518232,0.9218474571159692,0.9250261629272823
325,0.15473177231837557,0.43198374957304214,0.6451920727296248,0.8937651020505435,0.922743340611913,0.9259072885248878
326,0.15514629430697505,0.43297134101103096,0.6464037263615,0.8947395742048319,0.9236074128709488,0.9267569704318667
327,0.15554852449878417,0.43392895157427,0.6475774050959964,0.8956801091412256,0.9244403319505384,0.9275758709400078
328,0.1559384820359322,0.4348567155546383,0.6487134121431064,0.8965873039839805,0.9252427326077546,0.928364628732404
329,0.15631618562046792,0.4357547634135021,0.6498120413622946,0.8974617349362944,0.9260152266761463,0.9291238593693482
330,0.15668165347812657,0.4366232217112259,0.6508735772343519,0.8983039575582437,0.9267584034364147,0.9298541556214419
331,0.1570349033237262,0.4374622130407337,0.6518982948374095,0.8991145070407285,0.9274728299801789,0.9305560878757853
332,0.15737595232811344,0.43827185596484614,0.6528864598266452,0.8998938984747773,0.9281590515662125,0.931230204471594
333,0.1577048170865826,0.4390522649571272,0.6538383284172358,0.9006426271156062,0.928817591968516,0.9318770320748727
334,0.15802151358869396,0.43980355034599244,0.6547541473701343,0.9013611686408748,0.9294489538157173,0.9324970760435316
335,0.1583260571894212,0.44052581826183596,0.655634153980273,0.9020499794026228,0.9300536189212647,0.9330908207380576
336,0.1586184625815613,0.4412191705869516,0.6564785760668177,0.902709496672407,0.9306320486039669,0.9336587298832004
337,0.15889874376934,0.44188370490802786,0.657287631965112,0.9033401388792004,0.9311846839984623,0.9342012468305813
338,0.15916691404315456,0.44251951447101256,0.6580615305199776,0.9039423058396393,0.9317119463552069,0.9347187949588974
339,0.1594229859553911,0.44312668813814793,0.6588004710800472,0.9045163789802442,0.9322142373296487,0.9352117779010952
340,0.1596669712972623,0.4437053103469889,0.6595046434928289,0.9050627215512574,0.9326919392602386,0.9356805798498657
341,0.15989888107661057,0.4442554610712269,0.6601742281002135,0.905581678831778,0.9331454154349986,0.9361255658228929
342,0.1601187254966247,0.44477721578314755,0.6608093957341535,0.9060735783258846,0.9335750103463488,0.9365470819454695
343,0.16032651393541986,0.4452706454175593,0.6614103077122553,0.9065387299494709,0.9339810499339544,0.9369454556929449
344,0.16052225492643551,0.44573581633704173,0.6619771158330399,0.9069774262075244,0.9343638418153345,0.9373209961358243
345,0.160705956139603,0.44617279029836054,0.662509962370639,0.9073899423616115,0.9347236755040482,0.9376739941313594
346,0.1608776243632432,0.4465816244199161,0.663008980068708,0.9077765365873297,0.9350608226152068,0.938004722573204
347,0.16103726548664718,0.4469623711500847,0.6634742921333442,0.9081374501215201,0.9353755370581679,0.9383134365728923
348,0.16118488448330778,0.4473150782363285,0.663906012224812,0.9084729073990294,0.9356680552161992,0.9386003736434485
349,0.16132048539475619,0.447639788694955,0.6643042444478856,0.9087831161788322,0.9359385961129523,0.9388657538977146
350,0.16144407131497424,0.4479365407814029,0.6646690833406275,0.9090682676593301,0.9361873615655916,0.9391097801525806
351,0.16155564437534223,0.4482053679609518,0.665000613861432,0.9093285365826493,0.9364145363244191,0.9393326381161422
352,0.16165520573009323,0.4484462988797436,0.6652989113741691,0.9095640813277703,0.9366202881988437,0.9395344965209347
353,0.16174275554223916,0.44865935733601847,0.6655640416312677,0.9097750439923276,0.9368047681695479,0.9397155072041373
354,0.16181829296994124,0.4488445622514681,0.6657960607545961,0.909961550462916,0.9369681104867256,0.939875805242548
355,0.16188181615329206,0.4490019276426135,0.6659950152139853,0.9101237104737552,0.9371104327542314,0.9400155090468915
356,0.16193332220148532,0.4491314625921184,0.6661609418032653,0.9102616176535515,0.9372318359995134,0.9401347203767264
357,0.16197280718034426,0.44923317121995715,0.666293867613675,0.9103753495604145,0.9373324047291891,0.9402335244623579
358,0.16200026610018362,0.44930705265435156,0.6663938100045214,0.9104649677046706,0.9374122069701193,0.9403119900329487
359,0.16201569290398068,0.4493531010024034,0.666460776570962,0.9105305175594256,0.9374712942958403,0.9403701693049415
360,0.1620190804558336,0.44937130532034475,0.6664947651087912,0.9105720285587254,0.9375097018381993,0.9404080980761412
361,0.16201042052968087,0.449361649583336,0.6664957635761144,0.9105895140831577,0.9375274482840604,0.9404257956205517
362,0.16198970379826344,0.44932411265474276,0.6664637500517966,0.9105829714327427,0.9375245358569086,0.9404232647679724
363,0.16195691982230778,0.44925866825482463,0.6663986926905762,0.9105523817869488,0.9375009502831896,0.9404004918106996
364,0.1619120570399076,0.4491652849287701,0.6663005496747347,0.9104977101516726,0.9374566607432371,0.9403574464754509
365,0.1618551027560883,0.4490439260140192,0.6661692691622201,0.9104189052930153,0.9373916198065915,0.940294081867716
366,0.16178604313253112,0.4488945496068078,0.6660047892311157,0.9103158996576807,0.9373057633515391,0.9402103343485653
367,0.16170486317744182,0.4487171085278806,0.6658070378203594,0.9101886092798173,0.9371990104686824,0.9401061235027541
368,0.16161154673554434,0.44851155028731055,0.6655759326666045,0.9100369336741176,0.9370712633483308,0.939981351985967
369,0.16150607647818058,0.44827781704837194,0.6653113812371304,0.9098607557149876,0.9369224071515171,0.9398359053832734
370,0.16138843389350152,0.4480158455904097,0.6650132806586968,0.9096599415015785,0.9367523098644138,0.939669652105632
371,0.16125859927673017,0.4477255672706511,0.6646815176422494,0.9094343402084828,0.9365608221359133,0.9394824431909491
372,0.16111655172048053,0.44740690798490845,0.6643159684033714,0.9091837839218722,0.9363477770981418,0.9392741121292184
373,0.16096226910511313,0.44705978812711333,0.6639164985783869,0.9089080874608565,0.9361129901696517,0.9390444746582022
374,0.16079572808911316,0.4466841225476358,0.6634829631360123,0.9086070481838284,0.9358562588410143,0.9387933285698589
375,0.16061690409947063,0.44627982051032894,0.6630152062844568,0.9082804457795499,0.9355773624425554,0.9385204534598373
376,0.1604257713220453,0.4458467856482482,0.6625130613738671,0.9079280420427271,0.9352760618939299,0.9382256104597442
377,0.16022230269189863,0.44538491591798746,0.6619763507940134,0.9075495806338073,0.9349520994352273,0.9379085420069594
378,0.16000646988357184,0.44489410355257697,0.6614048858671078,0.9071447868227218,0.934605198339297,0.9375689715012491
379,0.15977824330129117,0.4443742350128844,0.6607984667356465,0.9067133672162867,0.9342350626049551,0.937206603025537
380,0.15953759206907725,0.4438251909374577,0.660156882245161,0.9062550094689588,0.9338413766307189,0.9368211209934485
381,0.15928448402073828,0.44324684609074755,0.6594799098217627,0.9057693819766337,0.9334238048687068,0.9364121898339814
382,0.1590188856897187,0.4426390693096434,0.6587673153443564,0.9052561335531554,0.9329819914583172,0.9359794536017839
383,0.15874076229878042,0.4420017234482527,0.6580188530113982,0.9047148930891987,0.9325155598392814,0.9355225355530966
384,0.15845007774948583,0.44133466532084614,0.6572342652020623,0.9041452691931617,0.93202411234369,0.9350410377870858
385,0.15814679461145076,0.4406377456428943,0.6564132823316788,0.9035468498136979,0.9315072297665207,0.9345345407676955
386,0.15783087411133345,0.4399108089701048,0.6555556227012921,0.9029192018434945,0.93096447091424,0.9340026028815116
387,0.15750227612151993,0.4391536936353669,0.6546609923411836,0.9022618707038902,0.9303953721309853,0.93344475994568
388,0.15716095914846342,0.43836623168350336,0.6537290848481936,0.9015743799099051,0.9297994468018265,0.9328605247383309
389,0.15680688032062848,0.4375482488037156,0.652759581216659,0.9008562306152303,0.9291761848325845,0.9322493864334834
390,0.15643999537598666,0.43669956425959827,0.6517521496627786,0.9001069011367178,0.9285250521056644,0.9316108100264283
391,0.1560602586490024,0.43581999081658657,0.6507064454421959,0.8993258464578676,0.9278454899113172,0.9309442358418288
392,0.15566762305703832,0.43490933466668275,0.6496221106605742,0.8985124977108071,0.9271369143537351,0.9302490788681413
393,0.15526204008610398,0.43396739535028944,0.6484987740769195,0.8976662616362107,0.9263987157313625,0.9295247280794746
394,0.15484345977585515,0.4329939656749594,0.6473360508993826,0.8967865200205968,0.9256302578907382,0.9287705459189408
395,0.15441183070374476,0.43198883163084073,0.6461335425732454,0.8958726291103961,0.9248308775531895,0.927985867477428
396,0.15396709996820587,0.43095177230257464,0.6448908365607637,0.8949239190021576,0.9239998836136603,0.9271699998469892
397,0.15350921317073368,0.42988255977736317,0.6436075061125102,0.8939396930082214,0.9231365564108779,0.9263222213859834
398,0.15303811439671242,0.428780959048887,0.6422831100298086,0.8929192269971442,0.9222401469680649,0.9254417809070247
399,0.15255374619480983,0.42764672791671055,0.6409171924178168,0.8918617687081243,0.9213098762033471,0.9245278969169461
400,0.1520560495547344,0.4264796168807516,0.6395092824287443,0.890766537038615,0.9203449341089381,0.923579756728409
401,0.151544963883121,0.4252793690303333,0.6380588939946418,0.8896327213042692,0.9193444788981352,0.9225965156571051
402,0.15102042697727086,0.42404571992726525,0.63656552554911,0.8884594804702894,0.9183076361191365,0.9215772960705494
403,0.15048237499643424,0.4227783974823037,0.6350286597371925,0.8872459423531893,0.9172334977345286,0.920521186506226
404,0.1499307424302684,0.4214771218242495,0.6334477631126133,0.8859912027918928,0.9161211211653416,0.919427240617489
405,0.14936546206405255,0.4201416051608185,0.6318222858213897,0.8846943247870108,0.9149695282983696,0.9182944762230398
406,0.14878646494017037,0.4187715516302727,0.6301516612707102,0.8833543376070234,0.9137777044554108,0.9171218742887419
407,0.14819368031529576,0.41736665714264404,0.6284353057817916,0.881970235859984,0.9125445973229827,0.9159083777443211
408,0.14758703561262748,0.4159266092091812,0.6266726182252208,0.8805409785292195,0.911269115840891,0.9146528904425615
409,0.14696645636841393,0.41445108675842035,0.6248629796370486,0.8790654879713401,0.9099501290479195,0.9133542759137357
410,0.14633186617189087,0.4129397599370172,0.6230057528136047,0.877542648874685,0.9085864648827321,0.9120113562476918
411,0.14568318659761625,0.4113922898931543,0.6211002818826652,0.875971307176106,0.9071769089378537,0.9106229106844624
412,0.14502033712902807,0.4098083285399698,0.6191458918481837,0.8743502689337306,0.9057202031644047,0.909187674428657
413,0.14434323507186653,0.4081875182960217,0.617141888105317,0.872678299153033,0.9042150445249268,0.9077043372042559
414,0.14365179545589538,0.4065294917992877,0.6150875559218818,0.8709541205631661,0.9026600835913877,0.9061715418780623
415,0.14294593092311808,0.40483387159061185,0.6129821598816939,0.8691764123400598,0.9010539230849544,0.904587882930523
416,0.14222555160040812,0.4031002697618153,0.6108249432844075,0.8673438087722517,0.8993951163537712,0.9029519049325061
417,0.14149056495417298,0.40132828756288297,0.608615127495495,0.8654548978647532,0.8976821657843066,0.9012621009459207
418,0.1407408756243133,0.3995175149617133,0.606351911238839,0.863508219875463,0.8959135211412114,0.8995169108204005
419,0.13997638523435318,0.39766753014882966,0.6040344698230313,0.8615022657776631,0.8940875778297345,0.8977147193788536
420,0.13919699217417777,0.3957778989782261,0.6016619542908375,0.8594354756409386,0.8922026750737678,0.8958538547145581
421,0.13840259135132504,0.3938481743340915,0.5992334904793711,0.8573062369214096,0.8902570940012817,0.893932586124004
422,0.13759307390624384,0.39187789541153656,0.5967481779762535,0.8551128826503671,0.8882490556273608,0.8919491220436891
423,0.13676832688633586,0.3898665868976113,0.5942050889543967,0.8528536895082034,0.8861767187231575,0.889901608045205
424,0.13592823287296277,0.3878137580368229,0.5916032668649586,0.8505268757678299,0.8840381775566627,0.8877881243822403
425,0.13507266955490776,0.3857189015630347,0.5889417249644385,0.8481305990884516,0.8818314594882674,0.8856066836435074
426,0.13420150924105104,0.38358149247704104,0.5862194446477488,0.8456629541364928,0.8795545224004437,0.883355228138874
427,0.13331461830425417,0.38140098664625666,0.5834353735543409,0.8431219700054954,0.8772052519363692,0.8810316271859522
428,0.1324118565476635,0.37917681919984175,0.5805884234090624,0.8405056074007047,0.8747814585167377,0.8786336739442345
429,0.13149307648386296,0.3769084026892297,0.5776774675532761,0.8378117555466734,0.8722808740971574,0.876159082315966
430,0.13055812251654247,0.3745951249804472,0.5747013381149106,0.8350382287672021,0.8697011486200701,0.8736054832516564
431,0.129606830013659,0.3722363468409014,0.5716588227584612,0.8321827626761112,0.8670398461048301,0.8709704209305555
432,0.1286390242604704,0.36983139917950675,0.5685486609475866,0.8292430099043129,0.8642944403069563,0.8682513483524942
433,0.12765451928039548,0.3673795798952746,0.5653695396438687,0.8262165352731273,0.861462309862335,0.8654456224864645
434,0.12665311651145644,0.3648801502859423,0.562120088355663,0.8231008103054027,0.8585407328137041,0.8625504988048277
435,0.1256346033261835,0.36233233096508183,0.5587988734409218,0.8198932069443984,0.8555268803947826,0.8595631250718896
436,0.1245987513834024,0.3597352972336793,0.5554043915577287,0.81659099032527,0.8524178099212845,0.8564805342364522
437,0.12354531480142839,0.3570881738507575,0.551935062146404,0.8131913104150813,0.8492104566072993,0.8532996363228906
438,0.12247402814397323,0.3543900291476479,0.5483892188179896,0.8096911923044069,0.8459016240899322,0.850017208902314
439,0.12138460421273935,0.3516398684325394,0.544765099516399,0.806087524896834,0.8424879734040509,0.8466298862041355
440,0.12027673164440049,0.3488366266365645,0.5410608353164466,0.8023770477022242,0.8389660101027069,0.8431341461886072
441,0.11915007231468874,0.3459791601606917,0.5372744377185277,0.7985563353961573,0.8353320691673175,0.8395262956378913
442,0.11800425855887195,0.34306623789494883,0.533403784304345,0.7946217797625703,0.8315822972957344,0.8358024524059383
443,0.1168388902262842,0.34009653139903995,0.5294466026285608,0.7905695685909628,0.8277126320972636,0.8319585246548039
444,0.11565353159706199,0.3370686042573838,0.525400452240714,0.7863956610561739,0.8237187776633907,0.8279901866146253
445,0.11444770820214605,0.3339809006532898,0.5212627047626899,0.782095759071088,0.8195961759246786,0.8238928498174038
446,0.11322090360323647,0.3308317332478048,0.5170305219923986,0.7776652740754099,0.8153399731526719,0.8196616297358561
447,0.11197255620804197,0.327619270500188,0.5127008320673805,0.7730992887129328,0.810944980926144,0.8152913066425214
448,0.11070205621807987,0.3243415236305479,0.5082703038065285,0.7683925128632846,0.8064056308623477,0.8107762802938597
449,0.10940874283168413,0.3209963335023609,0.5037353194579269,0.7635392335415478,0.801715922425642,0.8061105175354641
450,0.10809190185382961,0.3175813577947596,0.49909194622014896,0.7585332582720961,0.7968693631813131,0.8012874922627858
451,0.10675076389684768,0.3140940589426797,0.49433590707733255,0.7533678516952064,0.7918589009764763,0.7963001171091845
452,0.10538450339181844,0.31053169344776616,0.48946255169887515,0.7480356653923714,0.7866768477217186,0.7911406666545651
453,0.10399223866884716,0.3068913033042695,0.48446682840578303,0.7425286612365206,0.7813147947373931,0.7858006917917936
454,0.10257303340466271,0.303169710440855,0.4793432584996739,0.7368380290056926,0.7757635200411889,0.7802709259959176
455,0.10112589977667628,0.2993635152487895,0.4740859145871727,0.7309540995628555,0.770012888514521,0.7745411837292006
456,0.09964980370189327,0.2954691004450481,0.4686884049094877,0.7248662556195069,0.7640517466202779,0.768600253510226
457,0.09814367257431576,0.2914826416988289,0.4631438660977592,0.7185628429826568,0.7578678142785931,0.7624357871839738
458,0.09660640594240114,0.2874001266223257,0.4574449672079361,0.7120310862445546,0.7514475776611433,0.7560341901263957
459,0.09503688958455882,0.2832173838784982,0.45158392832638466,0.7052570141136758,0.7447761880498466,0.7493805166017089
460,0.09343401344056633,0.2789301242732734,0.44555255745310485,0.6982254009913962,0.7378373735215473,0.7424583776212984
461,0.09179669383424986,0.27453399575616794,0.43934230972761007,0.6909197329389456,0.73061337204377,0.7352498700487046
462,0.09012390037119766,0.2700246542265006,0.43294437331669156,0.683322207793718,0.7230848965456804,0.7277355366823276
463,0.08841468780756641,0.2653978519030072,0.4263497863751579,0.6754137807876168,0.7152311445714844,0.7198943710982662
464,0.0866682330551059,0.26064954473065416,0.4195495893506995,0.6671742684545632,0.7070298670883333,0.7117038819080679
465,0.08488387730690264,0.2557760198365762,0.41253501645314733,0.6585825247007466,0.698457512703108,0.7031402318901204
466,0.08306117303313644,0.25077404337592946,0.40529772926185614,0.6496167034070199,0.6894894646696919,0.6941784714616579
467,0.08119993530419986,0.24564102820272163,0.39783009411969533,0.6402546215433736,0.6801003882957407,0.6847928828448405
468,0.0793002965518393,0.24037521964655917,0.39012550308681365,0.6304742351656746,0.6702647052777563,0.6749574536422923
469,0.07736276348519945,0.23497589627825788,0.3821787357571683,0.6202542374850498,0.6599572086584038,0.664646492556297
470,0.07538827445268279,0.22944358093570466,0.3739863561748871,0.6095747831276745,0.6491538270696785,0.653835397648712
471,0.07337825510565682,0.22378025551974265,0.3655471354894033,0.5984183355054005,0.6378325393353194,0.6425015785742421
472,0.07133466980863776,0.21798957126080448,0.35686248700583556,0.586770624833432,0.6259744301665247,0.6306255233911907
473,0.06926006589364125,0.21207704444502753,0.3479368961682042,0.5746216929625669,0.6135648646995683,0.6181919890125697
474,0.06715760762172764,0.2060502261574122,0.33877832411273917,0.5619669883962782,0.6005947445119795,0.6051912768848277
475,0.06503109664340377,0.19991883366226587,0.32939856019953884,0.5488084616132872,0.5870617915512294,0.5916205409916537
476,0.06288497589018892,0.1936948308212274,0.3198134968944352,0.5351555985212179,0.572971790714986,0.5774850566972489
477,0.060724314221614416,0.1873924456528029,0.31004330006455066,0.5210263202922024,0.558339708732924,0.5627993686019813
478,0.05855476981691917,0.18102811491837079,0.30011244964297434,0.5064476729196545,0.54319059892553,0.5475882235867869
479,0.056382531234873995,0.17462034854149835,0.2900496300258361,0.49145623141750344,0.5275602007307046,0.5318871966296366
480,0.05421423623290509,0.16818951066898008,0.2798874565525526,0.47609815300470465,0.5114951514772846,0.5157429245591096
481,0.052056869767853425,0.16175751905519076,0.2696620337227279,0.4604288313524007,0.49505274663352966,0.4992128816683104
482,0.04991764399305197,0.15534746983922576,0.2594123517938219,0.4445121293095748,0.47830021313188487,0.48236466066715744
483,0.04780386439381731,0.14898320020528144,0.2491795401187776,0.42841919844536946,0.46131349619538836,0.4652747565487177
484,0.045722787329958346,0.1426888063160865,0.2390060068190596,0.4122269270538915,0.44417559966238407,0.4480268955391804
485,0.043681475051710716,0.13648813773271343,0.2289345038628731,0.3960160899977227,0.4269745583687344,0.43070998552291156
486,0.041686654624208466,0.13040429181220975,0.21900716316558996,0.37986929983452655,0.40980115366572256,0.4134158034085469
487,0.039744587079001574,0.12445913200066566,0.2092645520999226,0.36386887560350634,0.39274650523833,0.39623655125432655
488,0.037860952507914034,0.11867285242589833,0.19974479541631665,0.34809475123757133,0.37589968113212024,0.3792624290609
489,0.03604075578048602,0.11306360789202549,0.1904828051898964,0.33262253928026486,0.3593454624174518,0.3625793612626601
490,0.03428825620691253,0.10764722365646581,0.1815096517046511,0.3175218486290222,0.34316238047253395,0.34626699742931494
491,0.032606922923668305,0.10243699375583892,0.172852097229676,0.3028549300498045,0.32742111651496847,0.3303970803888536
492,0.03099941620260366,0.09744357074377798,0.16453230271853145,0.28867569375508406,0.3121833189524915,0.31503223727155255
493,0.029467593422104938,0.09267494409861088,0.15656770585722415,0.27502911316875395,0.2975008588637313,0.30022521520805434
494,0.02801253721041025,0.08813649974512303,0.14897105870204932,0.26195100147147227,0.2834155115061182,0.28601855056206066
495,0.02663460235693368,0.08383114945503689,0.1417506051740353,0.24946812512071215,0.2699590252051434,0.27244463121910506
496,0.02533347752399411,0.07975951651443151,0.1349103733255751,0.23759860268419125,0.25715352003864655,0.2595260943418083
497,0.024108257573485815,0.07592016297490244,0.1284505546163091,0.22635252835749456,0.24501214784029757,0.247276491505451
498,0.02295752241164255,0.07230984390396153,0.12236794217870803,0.21573275691968616,0.2335399416021126,0.23570114451581503
499,0.021879418588192572,0.06892377509143806,0.11665640176449274,0.20573578947965412,0.22273478503262234,0.22479812607168204
500,0.0208717403910208,0.06575590237954346,0.11130735218499337,0.19635270574862462,0.2125884401502858,0.21455929946001176
501,0.019932007780717947,0.06279916288864196,0.10631023602593791,0.18757009727473986,0.2030875806431135,0.20497136313985403
502,0.01905753914562003,0.060045730661068636,0.10165296572204183,0.17937096578244122,0.19421478977402473,0.19601686223039616
503,0.018245517474345045,0.057487241442042626,0.09732233431059333,0.17173556042682944,0.18594949263729277,0.18767513225152763
504,0.01749304910145125,0.05511499331644515,0.09330438405309276,0.16464213665925845,0.17826880271313275,0.17992315598525319
505,0.016797214659268575,0.05292012163448335,0.08958472943941245,0.15806762705405694,0.17114827140264338,0.1727363240026056
506,0.016155112254506228,0.05089374804725914,0.08614883378662205,0.15198822066217746,0.16456253631848147,0.16608909110778086
507,0.015563893181240985,0.04902710453157836,0.08298224070635786,0.14637985221557617,0.1584858695341922,0.15995553112543467
508,0.01502079068880533,0.04731163403474422,0.08007076318466405,0.14121860591260882,0.1528926308834907,0.15430979828349287
509,0.014523142454722873,0.045739069853379846,0.07740063397207243,0.13648104074931972,0.14775763395270605,0.14912649646687542
510,0.01406840748214277,0.0443014961218968,0.07495862150964483,0.13214444563455874,0.14305643387072633,0.1443809720621233
511,0.013654178161498035,0.04299139187368137,0.07273211581092129,0.12818703305197562,0.1387655466118126,0.1400495368763467
512,0.013278188219926927,0.04180166109612157,0.07070918866628827,0.12458808000507288,0.13486260951294163,0.13610962970326898
513,0.012938317240371953,0.040725651068414775,0.06887863231051666,0.12132802457224591,0.13132649226068446,0.13253993095107822
514,0.01263259237446335,0.03975716108132968,0.06722998035812312,0.1183885257454632,0.12813736688047375,0.12932043198238638
515,0.012359187806640555,0.038890443416627854,0.06575351441420672,0.11575249343754664,0.12527674438561606,0.12643247453178638
516,0.012116422457067665,0.0381201982302556,0.06444025934730628,0.11340409469888542,0.12272748480535219,0.1238587602891085
517,0.0119027563417878,0.037441563751833384,0.0632819697923637,0.11132874134314687,0.12047378637591274,0.1215833396124426
518,0.011716785942987246,0.03685010299292771,0.062271110053709756,0.10951306337975585,0.11850115878711973,0.11959158650657675
519,0.011557238881907381,0.03634178795403779,0.0614008292115529,0.1079448719136968,0.11679638455756099,0.11787015817827765
520,0.011422968132782157,0.035912982138362706,0.06066493290629799,0.10661311451144691,0.11534747187588111,0.11640694866549016
521,0.011312945968513203,0.035560422020401175,0.060057852985574846,0.10550782545055805,0.1141436016006571,0.11519103490040114
522,0.011226257787579044,0.03528119797908579,0.059574615948819534,0.10462007276943702,0.11317507055399813,0.11421261952489478
523,0.011162095936562125,0.035072735087318445,0.059210810911098526,0.10394190360666432,0.11243323277088998,0.11346297244106651
524,0.011119753613184026,0.03493277405081916,0.0589625576292948,0.10346628896213013,0.11191043996939362,0.11293436948673242
525,0.01109861891028534,0.03485935250715222,0.05882647498535061,0.10318706871587625,0.11159998217821983,0.1126200338314909
526,0.011098169041189154,0.034850786828682645,0.05879965020019913,0.10309889749826244,0.1114960291892163,0.11251407553386936
527,0.011117964770743737,0.03490565451900922,0.058879608953923156,0.10319719180928373,0.1115935732857197,0.11261143534725448
528,0.011157645063515924,0.03502277724932864,0.05906428650985443,0.10347807862926492,0.11188837352430432,0.11290782681654946
529,0.011216921950592231,0.035201204547488554,0.059351999879236804,0.10393834564049224,0.1123769017119623,0.11339968319829449
530,0.011295575608810896,0.0354401981267213,0.05974142101635882,0.10457539308571609,0.11305629011649532,0.1140841035395274
531,0.011393449640591635,0.03573921682191809,0.06023155099922776,0.10538718721872634,0.11392428086932965,0.1149588019521591
532,0.01151044653853704,0.03609790208768992,0.06082169512589159,0.1063722152515019,0.1149791769636906,0.11602205899239838
533,0.011646523316359568,0.036516064003445294,0.06151143883988649,0.1075294416676852,0.11621979471190512,0.1172726717299372
534,0.011801687286209894,0.03699366772549133,0.06230062438836996,0.10885826575094276,0.11764541750232144,0.11870990946627945
535,0.011975991961950193,0.03753082032410123,0.06318932811226413,0.11035848016652197,0.11925575068402382,0.12033346568430119
536,0.012169533068166542,0.038127757944024766,0.06417783826821821,0.11203023043337673,0.1210508774066218,0.12214341521155986
537,0.01238244463561456,0.038784833229618565,0.06526663328644128,0.1138739751306692,0.12303121524872486,0.12414017028336419
538,0.012614895165226138,0.03950250296024897,0.06645636037597169,0.115890446695291,0.1251974734828331,0.12632443614527517
539,0.012867083844680287,0.0402813158475603,0.06774781439903362,0.11808061268482124,0.12755061084315367,0.12869716963995403
540,0.013139236803775746,0.0411219004533383,0.0691419169483781,0.12044563740242534,0.1300917936873822,0.1312595364985749
541,0.013431603397357541,0.04202495319477363,0.07063969557540231,0.122986843805393,0.1328223544705331,0.1340128692093354
542,0.013744452507291647,0.04299122641274795,0.07224226313208296,0.12570567564694685,0.13574375047933632,0.136958625736225
543,0.014078068857874135,0.04402151648809367,0.07395079720591781,0.1286036598305096,0.13885752280821062,0.1400983477320294
544,0.014432749342056116,0.04511665200044662,0.0757665196438046,0.13168236898645289,0.14216525559126036,0.14343361951147832
545,0.014808799358898901,0.046277481934102235,0.07769067617779686,0.1349433843125576,0.14566853553863857,0.14696602716109564
546,0.01520652916568643,0.04750486394502633,0.07972451618251979,0.13838825875046665,0.14936891186002732,0.1506971181348296
547,0.01562625025106602,0.04879965271265494,0.08186927261049957,0.1420184806005933,0.15326785669003698,0.1546283613289064
548,0.016068271738388772,0.05016268840916693,0.08412614216730098,0.14583543770656301,0.15736672616262204,0.15876110746710673
549,0.016532896831040374,0.05159478532732768,0.08649626580288623,0.14984038236681058,0.16166672230922802,0.16309655094856493
550,0.017020419313926043,0.05309672071561132,0.08898070960870816,0.15403439715455097,0.16616885598220088,0.1676356923555463
551,0.017531120127346308,0.054669223875936646,0.09158044622140392,0.15841836184767594,0.1708739110264644,0.1723793022758842
552,0.01806526403123893,0.05631296558483744,0.09429633684321924,0.1629929216864379,0.1757824099397518,0.1773278864489746
553,0.01862309637910808,0.05802854790310298,0.097129113996364,0.16775845718865995,0.18089458127553482,0.18248165312957818
554,0.019204840021899153,0.05981649444174824,0.10007936513301578,0.17271505575929322,0.18621032904874946,0.1878404825231473
555,0.019810692362566062,0.061677241153514396,0.10314751722459158,0.17786248533301485,0.19172920440759586,0.19340389715786496
556,0.020440822582106187,0.06361112771892746,0.1063338224530808,0.18320017028519142,0.1974503798292155,0.19917103729702662
557,0.021095369057411963,0.0656183895942035,0.10963834512361847,0.1887271698376072,0.2033726260882112,0.20514063646202463
558,0.02177443699039358,0.06769915078504041,0.11306094991112714,0.19444215917128554,0.20949429222972632,0.21131100197448283
559,0.022478096266496956,0.06985341740559786,0.11660129154488123,0.20034341343928855,0.21581328875814668,0.21767999809297786
560,0.023206379559001854,0.0720810720758689,0.12025880602338072,0.20642879484827803,0.2223270742248068,0.2242450322493009
561,0.023959280693364754,0.07438186920328192,0.12403270343823182,0.21269574294911095,0.2290326453665072,0.23100304502036145
562,0.02473675328343056,0.07675543118593539,0.12792196247009482,0.21914126824438948,0.23592653091068658,0.23795050465881418
563,0.02553870964862604,0.0792012455655228,0.13192532660250297,0.22576194918550635,0.2430047891235978,0.2450834039110839
564,0.026365020018328585,0.08171866314797324,0.13604130208090476,0.2325539325940151,0.25026300913592764,0.2523972620581067
565,0.027215512026541235,0.08430689709934329,0.14026815762497732,0.23951293750281805,0.25769631603658505,0.2598871299329402
566,0.02808997049687593,0.08696502301377135,0.14460392588261398,0.24663426237286262,0.2652993796812595,0.26754759899101954
567,0.028988137514711226,0.08969197993959313,0.14904640659436108,0.2539127956012963,0.27306642711817203,0.2753728135579949
568,0.029909712780317368,0.09248657233924139,0.1535931714179308,0.2613430291985169,0.28099125849073675,0.283356487929555
569,0.03085435423380303,0.09534747294853149,0.15824157034414807,0.26891907547485594,0.28906726623631285,0.29149192515528605
570,0.03182167893998041,0.09827322649157362,0.16298873961864796,0.27663468654366913,0.2972874573624161,0.2997720394252854
571,0.03281126421872578,0.10126225419901667,0.16783161106817376,0.2844832764169554,0.3056444785481504,0.30818938290620496
572,0.03382264900417283,0.10431285906977865,0.17276692271669328,0.2924579454428911,0.31413064378899436,0.3167361720095674
573,0.03485533541415587,0.10742323180996645,0.17779123056498744,0.3005515068122889,0.3227379642784227,0.3254043188983118
574,0.03590879050972785,0.11059145737741465,0.18290092139800804,0.3087565148433055,0.3314581802006331,0.3341854633250434
575,0.03698244822335008,0.11381552205624124,0.18809222647727616,0.3170652947409553,0.3402827940947201,0.34307100678366886
576,0.038075711433474775,0.11709332098304018,0.19336123597090224,0.3254699735201416,0.3492031054423473,0.3520521465943116
577,0.03918795416272574,0.12042266604479494,0.19870391397147355,0.333962511778043,0.3582102461280544,0.361119913248076
578,0.040318523876709284,0.12380129406827269,0.20411611395195745,0.34253473600355433,0.3672952164240882,0.37026520557986126
579,0.04146674386064067,0.1272268752214692,0.20959359451181858,0.3511783711178294,0.37644892115889755,0.3794788280079951
580,0.04263191565142814,0.13069702154954563,0.21513203526957958,0.3598850729505003,0.3856622057409302,0.3887515270327533
581,0.04381332150358552,0.1342092955705177,0.22072705276384477,0.36864646037035426,0.3949258917254122,0.39807402684063553
582,0.04501022686831307,0.13776121885961795,0.2263742162321829,0.3774541468067358,0.40423081163182845,0.4074370647580456
583,0.046221882866258335,0.1413502805556189,0.23206906314593695,0.38629977091814105,0.41356784274296526,0.416831425923755
584,0.047447528735816036,0.14497394572736247,0.237807114388802,0.39517502618683154,0.4229279396414883,0.4262479750309177
585,0.048686394240293994,0.1486296635441414,0.2435838889775912,0.40407168924234954,0.4323021652675054,0.4356776887575207
586,0.04993770201885229,0.1523148751993141,0.24939491823478538,0.4129816467419611,0.44168172030878344,0.4451116850071936
587,0.05120066986774609,0.1560270215424688,0.25523575933398673,0.42189692066175166,0.45105797076455995,0.45454125104134585
588,0.052474512940077184,0.15976355038147463,0.2611020081510516,0.4308096918780194,0.4604224735529069,0.46395786875610906
589,0.05375844585391673,0.16352192342177274,0.26698931136525694,0.43971232194408666,0.46976700006038385,0.47335323906542237
590,0.05505168470030829,0.1672996228161574,0.2728933777662059,0.44859737299254243,0.4790835575608403,0.48271930316978573
591,0.0563534489442506,0.17109415730401425,0.2788099887331121,0.45745762571664317,0.4883644084565253,0.49204826200231083
592,0.05766296321328929,0.17490306792443902,0.28473500786350125,0.466286095407121,0.49760208732043526,0.5013325933841893
593,0.05897945896979188,0.17872393329280295,0.290664389738155,0.47507604604146325,0.5067894157415745,0.5105650671469647
594,0.06030217606433122,0.1825543744351175,0.2965941878181435,0.4838210024419369,0.515919514996729,0.5197387576149459
595,0.061630364168849566,0.18639205917894996,0.3025205614780755,0.49251476053587423,0.5249858165912671,0.5288470539982449
596,0.06296328408941697,0.1902347061036268,0.30843978218712614,0.5011513957671128,0.5339820707287669,0.5378836694869971
597,0.06430020895941807,0.19408008805602817,0.3143482388560069,0.5097252697208347,0.5429023527838385,0.5468426470227445
598,0.0656404253149149,0.19792603524141567,0.3202424423737954,0.5182310350355044,0.5517410678653926,0.5557183642912936
599,0.0669832340547315,0.2017704379014577,0.32611902936347253,0.5266636386850391,0.5604929535677307,0.5645055361535259
600,0.06832795128848858,0.2056112485939265,0.33197476518912733,0.5350183237220514,0.5691530810151777,0.5731992155775545
601,0.06967390907640302,0.20944648409046104,0.33780654625113876,0.543290629578825,0.5777168543124515,0.5817947931593643
602,0.07102045606514107,0.21327422691033804,0.3436114016082621,0.5514763910269522,0.586180008517185,0.5902879948791581
603,0.07236695802440048,0.2170926265093939,0.34938649396748755,0.559571735899257,0.5945386062537339,0.5986748783163182
604,0.0737127982891936,0.22089990014412025,0.3551291200838533,0.5675730816789667,0.6027890330887854,0.6069518282877255
605,0.07505737811302045,0.2246943334315431,0.36083671061314726,0.5754771310611327,0.6109279917887326,0.6151155508679429
606,0.07640011693725651,0.2284742806258154,0.36650682946067176,0.5832808665903262,0.6189524955775009,0.6231630660125987
607,0.07774045258216739,0.23223816463254218,0.37213717266903257,0.5909815444765911,0.6268598605107952,0.6310917003107344
608,0.07907784136497004,0.2359844767817333,0.377725566887315,0.5985766876888656,0.6346476970794687,0.6388990780846171
609,0.0804117581503337,0.2397117763799758,0.38326996746306496,0.6060640784215361,0.6423139011500955,0.6465831122338718
610,0.08174169633863551,0.24341869006196565,0.3887684561972688,0.6134417500257391,0.6498566443464635,0.6541419945179102
611,0.0830671677971684,0.24710391096094605,0.3942192388010598,0.620707978492496,0.6572743639697951,0.6615741848436199
612,0.08438770273935563,0.25076619771691133,0.399620642091234,0.6278612735698942,0.6645657525502339,0.6688784012365875
613,0.08570284955685319,0.25440437334065524,0.40497111095984845,0.6349003695914213,0.6717297471158448,0.6760536085369628
614,0.08701217460922592,0.25801732395089727,0.41026920515127707,0.6418242160873054,0.6787655182594476,0.6830990072597987
615,0.08831526197567864,0.2616039974008269,0.41551359587810743,0.6486319682453654,0.6856724590772119,0.6900140225052239
616,0.08961171317309888,0.2651634018094816,0.4207030623052408,0.65532297728253,0.6924501740469182,0.6967982925898286
617,0.09090114684444252,0.2686946040124245,0.4258364879295118,0.6618967807829021,0.6990984679076495,0.7034516575469728
618,0.09218319842125634,0.2721967279452394,0.4309128568801063,0.668353093053045,0.7056173345965165,0.709974148339
619,0.09345751976390133,0.27566895297240684,0.4359312501630464,0.6746917955401308,0.7120069462926036,0.7163659752133638
620,0.09472377878280097,0.2791105121731915,0.4408908418710465,0.6809129273537256,0.7182676426123619,0.7226275170493628
621,0.09598165904381221,0.28252069059524826,0.44579089537812816,0.6870166759273271,0.7243999199956337,0.7287593105801312
622,0.09723085936058566,0.28589882348576773,0.4506307595365451,0.6930033678513641,0.7304044213163001,0.7347620397414947
623,0.09847109337656278,0.28924429450911837,0.455409864891805,0.698873459905148,0.7362819257469314,0.7406365253021912
624,0.09970208913904365,0.29255653395911185,0.4601277199298914,0.7046275303113879,0.7420333389022261,0.7463837151872689
625,0.10092358866755377,0.29583501697323666,0.4647839073691994,0.7102662702331705,0.7476596832819281,0.752004674456438
626,0.10213534751854146,0.29907926175545063,0.4693780805081991,0.7157904755299354,0.7531620890302222,0.7575005761785876
627,0.10333713434824872,0.30228882781341604,0.4739099596384346,0.7212010387858081,0.7585417850248344,0.7628726922298444
628,0.10452873047542463,0.305463314215395,0.4783793285311523,0.7264989416207865,0.7638000903060197,0.7681223847531665
629,0.10570992944537816,0.3086023578713989,0.48278603100463513,0.7316852472926348,0.7689384058525962,0.7732510977312468
630,0.10688053659671326,0.31170563184260375,0.48712996757819127,0.7367610935949338,0.773958206709624,0.7782603491044658
631,0.10804036863193928,0.31477284368250047,0.4914110922177058,0.7417276860546019,0.7788610344697181,0.7831517230663517
632,0.10918925319301241,0.31780373381275145,0.49562940917671483,0.7465862914302357,0.7836484901081915,0.7879268629387268
633,0.11032702844273712,0.32079807393625703,0.49978496993609317,0.7513382315109122,0.7883222271699786,0.7925874642200719
634,0.11145354265283278,0.32375566548952067,0.5038778702446511,0.7559848772135468,0.7928839453048773,0.797135267963154
635,0.11256865379936797,0.32667633813600166,0.5079082472622344,0.7605276429755751,0.7973353841460674,0.8015720548315681
636,0.1136722291661557,0.32955994830179947,0.5118762768062661,0.7649679814385343,0.801678317525662,0.805899638958245
637,0.11476414495661534,0.33240637775468784,0.515782170702103,0.7693073784171335,0.8059145480199377,0.8101198626886047
638,0.11584428591451833,0.33521553222722644,0.5196261742370656,0.773547348147512,0.8100459018160241,0.8142345912925387
639,0.11691254495396057,0.3379873400844175,0.5234085637175434,0.7776894288076854,0.814074223891027,0.8182457081303853
640,0.11796882279882659,0.3407217510361363,0.5271296441281843,0.78173517830256,0.8180013734939939,0.8221551100052238
641,0.11901302763195643,0.34341873489435953,0.5307897468918248,0.7856861703054085,0.8218292199206408,0.8259647031330358
642,0.12004507475415689,0.34607828037502575,0.5343892277285196,0.7895439905473302,0.8255596385703504,0.8296763988775027
643,0.1210648862531564,0.3487003939441998,0.5379284646117674,0.793310233345902,0.8291945072747513,0.8332921102760174
644,0.12207239068254873,0.35128509870806685,0.5414078558198139,0.7969864983640463,0.8327357028869029,0.8368137486187492
645,0.12306752275073332,0.3538324333461576,0.5448278180797269,0.8005743875899743,0.8361850981201904,0.8402432200624341
646,0.12405022301981972,0.35634245108709844,0.548188784801789,0.804075502529025,0.8395445586258006,0.8435824229246741
647,0.12502043761443243,0.3588152187260839,0.5514912044016329,0.8074914415981896,0.842815940297895,0.8468332448019352
648,0.1259781179403237,0.36125081568319367,0.5547355387074469,0.8108237977141569,0.8460010867955357,0.8499975602905612
649,0.1269232204126743,0.3636493331016069,0.55792226144951,0.8140741560658058,0.8491018272706817,0.8530772284613495
650,0.12785570619394265,0.36601087298471663,0.5610518568292653,0.8172440920621837,0.8521199742916721,0.8560740910363784
651,0.12877554094110244,0.3683355473710988,0.5641248181651102,0.8203351694471771,0.8550573219518888,0.8589899702474998
652,0.12968269456209242,0.3706234775462617,0.5671416466120683,0.8233489385722537,0.8579156441535363,0.8618266673559545
653,0.13057714098128886,0.3728747932900699,0.5701028499525088,0.8262869348188743,0.8606966930567084,0.8645859609453752
654,0.13145885791380052,0.3750896321587262,0.573008941455095,0.8291506771623873,0.8634021976842636,0.8672696055914677
655,0.13232782664837467,0.3772681388001772,0.5758604387991685,0.8319416668694697,0.8660338626732992,0.8698793306671496
656,0.13318403183869731,0.379410464301811,0.5786578630618094,0.834661386321425,0.868593367164337,0.8724168391346104
657,0.134027461302863,0.38151676556930686,0.5814017377648621,0.8373112979559211,0.8710823638196727,0.8748838066961886
658,0.13485810583078808,0.38358720473551094,0.5840925879792592,0.8398928433200042,0.8735024779626823,0.8772818808574658
659,0.13567595899933538,0.38562194859821664,0.5867309394840448,0.8424074422275182,0.875855306830175,0.879612680189238
660,0.13648101699491882,0.3876211680857422,0.5893173179775473,0.8448564920143137,0.8781424189302618,0.8818777937956855
661,0.13727327844335466,0.389585037749213,0.5918522483382309,0.8472413668849254,0.8803653534985066,0.8840787806857882
662,0.1380527442467273,0.3915137352804787,0.5943362539328152,0.8495634173446535,0.8825256200454837,0.886217169394798
663,0.13881941742703796,0.39340744105461184,0.5967698559693286,0.8518239697112688,0.8846246979891724,0.8882944576296179
664,0.13957330297640694,0.3952663376959593,0.5991535728928364,0.8540243257008194,0.8866640363659436,0.8903121118919607
665,0.1403144077136026,0.3970906096667431,0.6014879198216533,0.8561657620822877,0.8886450536142091,0.8922715674927488
666,0.14104274014667403,0.3988804428772311,0.6037734080219345,0.8582495303960922,0.8905691374250968,0.8941742282072043
667,0.14175831034146585,0.4006360243165264,0.6060105444186077,0.8602768567316937,0.8924376446548291,0.8960214663334132
668,0.14246112979580056,0.4023575417030478,0.6081998311406884,0.8622489415597915,0.8942519012937439,0.8978146226319328
669,0.1431512113191151,0.4040451831538093,0.6103417650990964,0.864166959614845,0.8960132024872053,0.8995550063854979
670,0.1438285689173466,0.40569913687162285,0.6124368375951611,0.8660320598238802,0.8977228126038806,0.9012438954568307
671,0.14449321768286255,0.4073195908493904,0.6144855339580855,0.8678453652777558,0.8993819653471362,0.9028825364323461
672,0.145145173689239,0.4089067325906679,0.6164883332096998,0.8696079732412838,0.900991863905578,0.9044721448217719
673,0.1457844538906961,0.41046074884571976,0.6184457077549163,0.8713209551987977,0.9025536811389397,0.9060139052246211
674,0.14641107602600137,0.4119818253623061,0.6203581230963592,0.8729853569319576,0.9040685597957892,0.9075089715909022
675,0.14702505852666123,0.41347014665047555,0.622226037571714,0.8746021986267745,0.905537612759747,0.9089584674649356
676,0.14762642042922353,0.41492589576066047,0.624049902112405,0.876172475007004,0.9069619233210782,0.9103634862539541
677,0.14821518129152117,0.4163492540744032,0.6258301600222724,0.8776971554912452,0.9083425454707535,0.9117250916167269
678,0.14879136111268992,0.41774040110706107,0.6275672467749851,0.8791771843712282,0.9096805042142324,0.9130443177276466
679,0.14935498025680255,0.419099514321871,0.629261589828979,0.8806134810089417,0.910976795902426,0.9143221696569802
680,0.14990605937996151,0.42042676895477504,0.6309136084587733,0.8820069400503937,0.9122323885774444,0.915559623723685
681,0.15044461936070422,0.4217223378494341,0.6325237136015718,0.8833584316539362,0.913448222330902,0.916757627841349
682,0.15097068123357332,0.4229863913018797,0.6340923077181045,0.8846688017312239,0.9146252096726962,0.9179171019665004
683,0.15148426612571472,0.4242190969142795,0.6356197846667226,0.885938872198997,0.9157642359083361,0.9190389384408523
684,0.15198539519636814,0.4254206194573118,0.6371065295898063,0.887169441240003,0.9168661595230064,0.9201240024317017
685,0.15247408957912223,0.4265911207406649,0.6385529188115886,0.8883612835714749,0.9179318125707091,0.9211731323028706
686,0.15295037032680622,0.4277307594912062,0.6399593197465506,0.8895151507197057,0.9189620010669057,0.9221871400251667
687,0.15341425835890335,0.4288396912383722,0.6413260908175801,0.8906317712993386,0.9199575053832383,0.9231668116046873
688,0.15386577441136562,0.42991806820636363,0.6426535813831301,0.8917118512961055,0.9209190806429781,0.9241129074757969
689,0.15430493898872272,0.43096603921274224,0.6439421316726535,0.8927560743518232,0.9218474571159692,0.9250261629272823
690,0.15473177231837557,0.43198374957304214,0.6451920727296248,0.8937651020505435,0.922743340611913,0.9259072885248878
691,0.15514629430697505,0.43297134101103096,0.6464037263615,0.8947395742048319,0.9236074128709488,0.9267569704318667
692,0.15554852449878417,0.43392895157427,0.6475774050959964,0.8956801091412256,0.9244403319505384,0.9275758709400078
693,0.1559384820359322,0.4348567155546383,0.6487134121431064,0.8965873039839805,0.9252427326077546,0.928364628732404
694,0.15631618562046792,0.4357547634135021,0.6498120413622946,0.8974617349362944,0.9260152266761463,0.9291238593693482
695,0.15668165347812657,0.4366232217112259,0.6508735772343519,0.8983039575582437,0.9267584034364147,0.9298541556214419
696,0.1570349033237262,0.4374622130407337,0.6518982948374095,0.8991145070407285,0.9274728299801789,0.9305560878757853
697,0.15737595232811344,0.43827185596484614,0.6528864598266452,0.8998938984747773,0.9281590515662125,0.931230204471594
698,0.1577048170865826,0.4390522649571272,0.6538383284172358,0.9006426271156062,0.928817591968516,0.9318770320748727
699,0.15802151358869396,0.43980355034599244,0.6547541473701343,0.9013611686408748,0.9294489538157173,0.9324970760435316
700,0.1583260571894212,0.44052581826183596,0.655634153980273,0.9020499794026228,0.9300536189212647,0.9330908207380576
701,0.1586184625815613,0.4412191705869516,0.6564785760668177,0.902709496672407,0.9306320486039669,0.9336587298832004
702,0.15889874376934,0.44188370490802786,0.657287631965112,0.9033401388792004,0.9311846839984623,0.9342012468305813
703,0.15916691404315456,0.44251951447101256,0.6580615305199776,0.9039423058396393,0.9317119463552069,0.9347187949588974
704,0.1594229859553911,0.44312668813814793,0.6588004710800472,0.9045163789802442,0.9322142373296487,0.9352117779010952
705,0.1596669712972623,0.4437053103469889,0.6595046434928289,0.9050627215512574,0.9326919392602386,0.9356805798498657
706,0.15989888107661057,0.4442554610712269,0.6601742281002135,0.905581678831778,0.9331454154349986,0.9361255658228929
707,0.1601187254966247,0.44477721578314755,0.6608093957341535,0.9060735783258846,0.9335750103463488,0.9365470819454695
708,0.16032651393541986,0.4452706454175593,0.6614103077122553,0.9065387299494709,0.9339810499339544,0.9369454556929449
709,0.16052225492643551,0.44573581633704173,0.6619771158330399,0.9069774262075244,0.9343638418153345,0.9373209961358243
710,0.160705956139603,0.44617279029836054,0.662509962370639,0.9073899423616115,0.9347236755040482,0.9376739941313594
711,0.1608776243632432,0.4465816244199161,0.663008980068708,0.9077765365873297,0.9350608226152068,0.938004722573204
712,0.16103726548664718,0.4469623711500847,0.6634742921333442,0.9081374501215201,0.9353755370581679,0.9383134365728923
713,0.16118488448330778,0.4473150782363285,0.663906012224812,0.9084729073990294,0.9356680552161992,0.9386003736434485
714,0.16132048539475619,0.447639788694955,0.6643042444478856,0.9087831161788322,0.9359385961129523,0.9388657538977146
715,0.16144407131497424,0.4479365407814029,0.6646690833406275,0.9090682676593301,0.9361873615655916,0.9391097801525806
716,0.16155564437534223,0.4482053679609518,0.665000613861432,0.9093285365826493,0.9364145363244191,0.9393326381161422
717,0.16165520573009323,0.4484462988797436,0.6652989113741691,0.9095640813277703,0.9366202881988437,0.9395344965209347
718,0.16174275554223916,0.44865935733601847,0.6655640416312677,0.9097750439923276,0.9368047681695479,0.9397155072041373
719,0.16181829296994124,0.4488445622514681,0.6657960607545961,0.909961550462916,0.9369681104867256,0.939875805242548
720,0.16188181615329206,0.4490019276426135,0.6659950152139853,0.9101237104737552,0.9371104327542314,0.9400155090468915
721,0.16193332220148532,0.4491314625921184,0.6661609418032653,0.9102616176535515,0.9372318359995134,0.9401347203767264
722,0.16197280718034426,0.44923317121995715,0.666293867613675,0.9103753495604145,0.9373324047291891,0.9402335244623579
723,0.16200026610018362,0.44930705265435156,0.6663938100045214,0.9104649677046706,0.9374122069701193,0.9403119900329487
724,0.16201569290398068,0.4493531010024034,0.666460776570962,0.9105305175594256,0.9374712942958403,0.9403701693049415
725,0.1620190804558336,0.44937130532034475,0.6664947651087912,0.9105720285587254,0.9375097018381993,0.9404080980761412
726,0.16201042052968087,0.449361649583336,0.6664957635761144,0.9105895140831577,0.9375274482840604,0.9404257956205517
727,0.16198970379826344,0.44932411265474276,0.6664637500517966,0.9105829714327427,0.9375245358569086,0.9404232647679724
728,0.16195691982230778,0.44925866825482463,0.6663986926905762,0.9105523817869488,0.9375009502831896,0.9404004918106996
729,0.1619120570399076,0.4491652849287701,0.6663005496747347,0.9104977101516726,0.9374566607432371,0.9403574464754509
