time,antibodies_mean,antibodies_median,antibodies_95ci_lower,antibodies_95ci_upper,susceptibility_mean,susceptibility_median,susceptibility_95ci_lower,susceptibility_95ci_upper
0,193.02264997229773,68.01374684599276,0.40274291110642074,1152.3031906706794,0.9134964406099008,0.9738892377817081,0.45243150987542863,0.9999731283934469
1,191.51610175562243,67.32056697342654,0.39300199109930095,1146.9383691945516,0.9141805161183109,0.9742376574353215,0.4539879398391079,0.9999739996910203
2,190.01682978353136,66.63490306279559,0.38355947294210935,1141.4063128265702,0.9148596749270271,0.9745813236281353,0.4556016179558226,0.9999748371884865
3,188.52422161589132,65.95588977925641,0.37434068785937036,1135.7374385714836,0.9155347965824566,0.9749206893275975,0.4572644290594376,0.9999756479821282
4,186.75927794091044,65.17202904887588,0.3653524228119793,1136.4106033483165,0.9161264504312924,0.9753112742898655,0.4570679046766296,0.9999764318713852
5,2333.194665315854,1867.9132909925797,488.22921419843345,7354.079778789242,0.3330379948160712,0.3012809513668563,0.06379037875457015,0.7241754100712715
6,3344.3257359793174,2699.8866295369835,699.9827015347249,10452.30696966343,0.2471293816420494,0.20797565683498132,0.040716619524508946,0.6178021945211931
7,3748.679409812833,3027.8948863328296,783.8735300023293,11780.765774014986,0.22305487795105797,0.18369125612005283,0.03487000920696509,0.5812331630694914
8,3899.936694586016,3151.939006198526,815.9817984035927,12267.662153862144,0.21510756854175084,0.1757242383803999,0.03308087365408451,0.568023334806183
9,3946.533341781772,3189.471011209508,826.7851138891638,12401.059717331129,0.2127851565142676,0.17342753019240464,0.03261832769614347,0.563673289234828
10,3948.5979890909252,3191.657376763229,828.4219924586208,12389.282478945353,0.21272240663915165,0.17329547894948852,0.032658792140806095,0.5630184033335373
11,3932.626618410076,3177.0710923063157,826.3589274581199,12350.189447738641,0.21356997499942573,0.1741807377606544,0.032793497237047914,0.5638443372385369
12,3909.0172256983533,3153.3594478965497,822.7398783272135,12286.923240453963,0.2148154488403541,0.17563618194461275,0.0330135420286973,0.5652972235361112
13,3882.5408536135033,3134.719240633586,815.5607687565407,12217.511225291222,0.21622455421468376,0.17679480149473792,0.03325791485477379,0.5681943845724456
14,3854.225846876869,3106.330880250219,806.8597005366084,12141.595496748927,0.21774918523216674,0.1785844989915527,0.03352875305945751,0.5717336645064871
15,3826.191107016951,3076.998199721268,797.563643545033,12062.02263807526,0.2192808600092838,0.1804659126810227,0.03381670303892782,0.5755491430231782
16,3797.673230960359,3051.721359132892,787.9828225947007,11985.473526911072,0.22086036031537015,0.18211422699086355,0.03409780686914478,0.5795188206374209
17,3768.712523328526,3018.361091875934,778.3964003749687,11906.612739891223,0.22248710952205697,0.18432876106935284,0.034391696258396054,0.5835290440042805
18,3740.5037073522135,2984.4213422749667,770.4053213500029,11823.451529933973,0.22409690464317175,0.1866287529074508,0.03470643160150688,0.5869013337741859
19,3712.692942652304,2961.528708066865,763.530235027226,11709.524526426922,0.22570836128856242,0.188207555845082,0.03514582050626038,0.5898241951547201
20,3684.2553058940603,2937.556330000378,756.7468765938675,11656.396874529595,0.22737795184896048,0.18988510132484682,0.035354009762513905,0.5927276913267606
21,3655.062928414691,2912.4072129754272,748.5290406641874,11541.047408583325,0.22911445174553383,0.19167216241765545,0.03581351794200521,0.5962714326011325
22,3626.494658893207,2883.435817222702,741.9610551041017,11418.468868537268,0.2308392362278763,0.19376629924264627,0.03631331838482957,0.5991246247865133
23,3599.3469491755645,2866.9959033141495,735.7112577094554,11299.933606926705,0.2325072066275581,0.19497157144020438,0.036808261415605295,0.6018568573815964
24,3571.6520604665875,2851.636683542508,729.0391485870589,11187.47307147572,0.23423319178036267,0.1961091875116034,0.03728880621388683,0.6047923842023085
25,3542.676016419528,2814.2709456834673,721.9796430452352,11133.390325775365,0.23606379321200358,0.19892549206337537,0.0375236635216886,0.6079194507695935
26,3514.340954168994,2791.756158955413,715.3813635012039,11074.042079971394,0.23788358419790717,0.20065270821647307,0.03778434840109891,0.6108619495604225
27,3488.329166986415,2770.4244096294774,709.5845729485103,11025.289947805237,0.2395872375948257,0.20231411445279643,0.038000820011008,0.6134626401676433
28,3461.247054639539,2753.9825282089896,703.1933386777887,10976.92756145058,0.24137705540393609,0.20361072787482704,0.038217731239975405,0.6163471511875851
29,3432.0651397792954,2731.10118925589,695.9000954257691,10920.799535684866,0.24332543433554107,0.20543796299432204,0.03847219824479126,0.619660762805512
30,3404.127593604324,2701.1281805696926,684.586878717738,10864.643292884833,0.24522966248858655,0.20787399901315423,0.03872974927946245,0.6248470447606234
31,3379.153317316479,2679.704633381406,670.1907455569758,10818.75338888563,0.24697369205653683,0.2096453017917993,0.03894245020371346,0.6315297275156808
32,3352.420127498454,2655.6925671900253,663.4309640668932,10754.760845105799,0.24885052370986824,0.21165961036168823,0.03924247797257989,0.6347000323682741
33,3323.3856164773447,2634.2437615700856,653.7190332563766,10677.90221564599,0.2509024992889581,0.21348712751043897,0.039608166600409334,0.6392908678850677
34,3296.339133256761,2605.5339281881097,648.7638103182986,10612.410883067809,0.2528576074257467,0.21597474232810784,0.039924454243191965,0.6416504352533478
35,3271.712392778405,2586.9950547360986,643.5592614920287,10567.594797153097,0.2546863491266263,0.21760712657853076,0.04014341960782587,0.6441403731065691
36,3245.2628452753183,2563.933148462018,636.9169459584053,10533.352185969043,0.25665731239998224,0.21966663516339408,0.04031211364335376,0.6473353993679909
37,3217.078465691812,2542.5506250757153,626.0791051566541,10504.508541646574,0.25877065145289363,0.22160534685672145,0.04045516222651946,0.6525915268023809
38,3190.973631669337,2522.520928942549,617.1654378873665,10445.674544182486,0.2607753088317178,0.22344750070687086,0.040749722510936594,0.6569554427980604
39,3166.0617710124034,2501.1724467255553,614.3357893500412,10406.365452913677,0.2627300520469814,0.22543932212969792,0.04094859894096031,0.6583496958879193
40,3139.7837007304374,2479.8012776837404,610.2573822423469,10360.893198570217,0.26480498390526463,0.22746315503303202,0.04118077335844918,0.660364270728957
41,3112.931815713045,2458.1217733241356,602.2360027062339,10261.301754693855,0.2669496806288213,0.2295475503085414,0.04169730800645769,0.6643475626453849
42,3087.8727915879595,2428.3588005018128,594.5160622954195,10137.7722084726,0.2689994654581542,0.2324604599444803,0.042353899469419046,0.6682092333073287
43,3062.930508248979,2404.501644307503,587.8716844560591,10027.285390387013,0.2710680330243889,0.2348405021029467,0.04295647535276254,0.6715551219411261
44,3036.837115849234,2382.8756170136994,580.8203530008302,9906.658041811597,0.27324931088996135,0.23703329241248222,0.04363149230939638,0.675128300209211
45,3011.0290212359077,2362.6527043998003,572.9460381925487,9788.086833942356,0.2754447788008314,0.23911497981581992,0.04431315114189599,0.6791456686926122
46,2986.9103202854953,2343.974833715156,564.1500292081427,9714.078824741448,0.2775413139081574,0.24106441995710517,0.044747613612322636,0.6836672759986948
47,2962.1839209699424,2329.917603194972,557.3747527676805,9643.638643449065,0.27970524640973493,0.24254889689053563,0.04516806831048964,0.6871746609366771
48,2936.2784594653326,2312.9077634882788,551.9206757063853,9558.518795349088,0.28199387262097947,0.24436605233193093,0.04568556598426086,0.6900134867736898
49,2911.4526366742566,2285.6572638544576,546.9962261054991,9417.18967830131,0.2842373533762093,0.24732423947378268,0.04656803916858702,0.6925884960626789
50,2888.2829623380658,2261.3868203143375,542.6046301299983,9283.415556835094,0.2863764090255124,0.25001041477628594,0.04743103753810933,0.6948943929658191
51,2863.916414079589,2233.220788561365,537.1024032158347,9140.606049382286,0.2886327170711994,0.2531866905639693,0.048383593737907994,0.6977959169983952
52,2838.22862515417,2217.5565381776764,528.2907280189048,9001.632157043825,0.2910269883970568,0.2549827371863218,0.0493429470668285,0.7024713935938122
53,2814.098318960836,2197.6801290597355,519.7210215582106,8870.438736858372,0.2933338803064665,0.257292322267037,0.05027919148701242,0.7070526783309203
54,2791.6182630518924,2178.058329848868,512.0329549565255,8740.224534704019,0.2955350460256446,0.2596072893325364,0.05123941608026756,0.7111912269485942
55,2767.6857766750295,2152.5500840003065,504.19316672358747,8691.616786883695,0.2978795896908626,0.2626671288393343,0.05160545535372712,0.7154391518817125
56,2742.4188580140703,2136.6509169814935,496.97456985298686,8665.096949967708,0.3003662334706223,0.26460418995495455,0.05180652646572564,0.7193751139103958
57,2719.220727404229,2123.7974996123457,490.01823243744707,8629.425999093519,0.3027158536305077,0.26618793827420656,0.05207944177554923,0.7231902929952143
58,2697.3437061883687,2102.3806241723164,483.67462537208246,8590.17841269965,0.30498006085064877,0.2688618113716154,0.052382863777524644,0.7266883179971313
59,2673.84236089644,2085.35756001188,477.2380227932529,8562.979245957522,0.30740921748982214,0.2710197236873926,0.05259455894639324,0.7302559671939866
60,2649.432277382083,2065.4838180168967,470.6737850194662,8536.312870916157,0.3099544482166601,0.27357421440121626,0.05280360084449309,0.7339132237764461
61,2627.107150205054,2051.5576436220144,460.11716126391866,8499.021597069048,0.3123543491577386,0.2753873037333836,0.05309885687967775,0.7398344127939116
62,2605.2809056960973,2018.633261181998,452.41556938604884,8459.535032317093,0.3147242263485507,0.2797560886002852,0.05341481029661901,0.7441847173183956
63,2582.2734827115255,1991.5666111167102,447.235627193654,8396.719932110036,0.31723139911494275,0.28343138215355995,0.05392438757045775,0.7471250187767294
64,2559.234351128107,1973.2557276003736,438.46442148935034,8288.183191613261,0.3197813797398485,0.2859640274018328,0.054825034809705055,0.7521297616176037
65,2537.681972227027,1959.709192003908,431.38334172226917,8188.0002223828105,0.32222472762090665,0.28786127476853834,0.055679706077625804,0.7561937188316321
66,2516.031014398612,1946.553790541746,422.85236885415867,8117.910534358157,0.3246955760743299,0.28972413906081196,0.05629136735896851,0.7611173038209067
67,2493.449149072906,1932.1685090435535,413.72289666613625,8062.675097866572,0.32729099479339707,0.29178434011900234,0.05678160875622425,0.7664190481644712
68,2471.414644407724,1919.7774809056295,406.9823629212179,7983.443250255733,0.32986586242673027,0.29357754692645244,0.05749792930157947,0.7703548145301939
69,2450.608515114542,1903.9222347913408,399.515072356622,7902.074285758485,0.3323453737848064,0.2958971859870111,0.05824998894771729,0.7747356648211843
70,2429.266978337799,1890.5618680845082,391.0045970486492,7817.843418242277,0.33490811607058474,0.29787626731394523,0.059046465178233934,0.77975451309819
71,2406.979703354666,1869.494674898338,382.7749638424561,7730.789102687144,0.337597405718464,0.3010431754503485,0.05988964538318278,0.7846334280447766
72,2385.641008180173,1848.399850361839,376.78857036828623,7661.290854921381,0.34022256473367884,0.3042655178094659,0.060577833774503924,0.788197949001715
73,2365.7600810597783,1834.5767660781667,370.89858656215705,7569.264041741061,0.3427295906990795,0.30640909459138943,0.061510472354486964,0.7917174991462806
74,2344.991717538909,1824.0473333926852,361.8199855613276,7534.344293819773,0.3453521124955587,0.3080584682947379,0.06187074998934286,0.7971657099134181
75,2323.1905409718493,1809.5390386106346,357.9801657093291,7498.006078761934,0.3481015275521847,0.3103549771569778,0.06224958720765052,0.7994784467040025
76,2302.6811917788004,1796.2676170800219,354.445069975514,7428.047580735081,0.35075976016040805,0.31248011093536926,0.0629904066096527,0.8016118121821917
77,2283.2608725632513,1776.2599806569947,348.7290602551993,7357.638124816407,0.353344011334132,0.31572951796936827,0.0637515169627578,0.8050696956751653
78,2262.9626760736287,1753.0798334383876,344.08715853457574,7282.790264249679,0.3560312249368022,0.3195620613039752,0.06457807905584544,0.8078853464379855
79,2241.8968605498817,1725.6796897231488,338.8465179500563,7206.097486284707,0.3588121309771035,0.32419471470453043,0.06544439092055207,0.8110719773970497
80,2222.3316826421888,1696.4377933417404,331.3996126687605,7135.579700967423,0.36148246977220894,0.32925798193413536,0.06625884683039027,0.8156138490657728
81,2203.3340277366888,1677.86204834918,328.71203646669125,7065.882576812977,0.3641259928762001,0.3325344857473401,0.06708125321467755,0.8172568649020402
82,2183.4885572710104,1661.4322137327708,323.4126812069282,6992.834336269853,0.366874676845533,0.3354826243817386,0.06796230927951552,0.8205021750962747
83,2163.335846403178,1638.670449813279,318.56747939958507,6918.97285414539,0.36968141803206356,0.3396370285343352,0.06887367256163461,0.8234757669626597
84,2144.4617433986414,1621.4309644919585,313.6284607918528,6856.475230037416,0.3723845643003885,0.34283624174674854,0.06966149956138427,0.826512949523482
85,2125.7705804148354,1607.2661790891925,308.5318062926442,6807.21345230067,0.37508743295055097,0.3455015346879795,0.07029339860502455,0.8296530750857241
86,2106.397634681118,1595.6418992848871,303.2552517170924,6760.577043739074,0.3778941449869342,0.34771469096751695,0.07090065768685581,0.8329101799321593
87,2087.135206527741,1582.0923591024675,297.86983671164904,6724.069368625366,0.38072718262069993,0.35032339740967666,0.07138226522475408,0.8362405581260898
88,2068.837199761683,1566.9025565760057,293.2242210660555,6696.897634479916,0.3834722585045494,0.3532851707590613,0.07174430611569962,0.8391180446763352
89,2050.636796498908,1548.1054822724705,290.07379296153744,6668.477163418954,0.386216105707388,0.35700626216257486,0.0721263821988218,0.8410716893062782
90,2031.8292267640093,1535.9005108074452,285.93958018860445,6638.492710209051,0.38906242854588063,0.35945627458775914,0.07253330879007507,0.843638011617306
91,2013.4736438031239,1516.8733191200615,282.1601673343169,6607.717330992949,0.39189107397465356,0.3633303746329422,0.07295515973905416,0.8459865243188782
92,1995.9633418505118,1506.2863005164827,278.6197089812503,6587.092835857779,0.39464464259039017,0.36551380148638585,0.07324019528499554,0.8481885109498731
93,1977.9665716731781,1490.0855822180117,275.214574351857,6559.267298834539,0.397478444451763,0.36889760732699534,0.07362793052297167,0.8503079866975152
94,1959.44961136054,1475.497562845474,271.6880843533176,6522.754179999124,0.4003901403127714,0.3719855115186668,0.07414217614646569,0.8525045620047788
95,1941.9138273470453,1457.994522083267,265.35017869301,6493.08771983988,0.40320817078569193,0.3757462790687196,0.07456456761061295,0.8564558269621092
96,1925.1561057902468,1443.1223329332997,262.3072303213372,6450.49113752169,0.40596841142345724,0.37898986183317557,0.07517835516123282,0.8583543212547652
97,1907.6702598496518,1431.3743891980318,256.1197390150973,6414.281749590766,0.40884444435995726,0.381583430553016,0.07570697160164325,0.8622169466790509
98,1889.6815915926559,1418.160619226313,251.45329617805493,6364.517460986314,0.4117888127795102,0.38453391318455843,0.07644401167391877,0.8651316157534384
99,1872.7747704826572,1404.8030758363495,247.2033252895658,6323.9468125596595,0.4146207254197849,0.38755360069289846,0.07705407871936434,0.8677869586928814
100,1856.4105787467113,1393.896764425355,243.1857665150378,6287.001488865748,0.41741658986307756,0.3900469601292138,0.07761698864274136,0.8702974986371707
101,1839.5260526679322,1382.0526818664835,240.32083951059533,6243.387639721058,0.42030531971403795,0.392783651517775,0.07829070321467894,0.8720878605814725
102,1822.4539282692074,1370.9832803404129,238.75135821925178,6198.3723808281875,0.4232417294108381,0.39536885445988734,0.07899668056131524,0.8730686548891217
103,1806.059767072767,1357.081265317223,237.49331405607487,6160.276061363783,0.42611777735598183,0.3986538541737815,0.07960275311738478,0.8738547989219747
104,1789.9186092815567,1343.7124717002305,235.36845333260797,6119.716535860668,0.42897253350909625,0.4018532096984746,0.08025683533084983,0.8751825437559276
105,1773.6002982953619,1332.5213867700036,228.34727512439204,6075.476211749521,0.4318689489536444,0.4045625920260544,0.08098068984960632,0.8795687620685105
106,1757.3968923503496,1317.1785044369049,221.20011938971774,6034.4537436348455,0.43478094552933133,0.4083246761712359,0.08166200359456355,0.8840306077518666
107,1741.711710424255,1301.096622040899,217.01112598814544,5995.4399198782,0.43765111268313717,0.41232585680881023,0.08231921866692365,0.8866435536448902
108,1726.0644552768408,1292.3587627325396,214.88499021937955,5953.370300147332,0.44052791298210875,0.4145257123141567,0.0830382081773945,0.8879689905880648
109,1710.0155137911001,1280.4654106631235,212.66227416969625,5898.095957230935,0.4434787037519329,0.4175501649225928,0.08399946297027647,0.8893540057840349
110,1694.256334230504,1268.2259506819532,210.40620490321757,5838.723454138078,0.446417344264088,0.42069782090753527,0.08505355511964306,0.8907590864258575
111,1679.376160964543,1260.6167022983122,204.79618835838846,5787.176090582966,0.4492589996745633,0.4226742384958108,0.08598734303692424,0.8942494920659677
112,1664.3335114313215,1250.2941040266187,201.87593649669145,5734.850283424347,0.4521319953577464,0.4253772148809326,0.08695339207887515,0.8960641174629
113,1648.6509569583,1242.31327314928,198.92555029725992,5689.062903688645,0.45511369044344746,0.4274858034212716,0.08781403947977173,0.8978956983712821
114,1633.3616891213078,1224.791055538889,196.19850312499702,5663.075468390144,0.45806733311182496,0.4321739304333633,0.08830891125901416,0.8995869061469334
115,1618.9839240182857,1210.6938014076968,190.33822986890974,5633.478907438711,0.4609140407663159,0.4360017340837553,0.088878498305033,0.9032150630124433
116,1604.4027473572717,1198.6319149684455,186.94426789413947,5598.443724377183,0.4637999858372776,0.43931910317754524,0.08956096793259156,0.9053119541740366
117,1589.433216265263,1187.3524945063214,183.60043722810337,5565.823730132976,0.4667638958208002,0.44245707393694145,0.09020449225417716,0.9073743756257239
118,1574.8959655965089,1171.5147263663364,180.4889421689209,5540.749191104056,0.46969666191824816,0.4469212523161654,0.09070458182043249,0.9092900912057782
119,1560.7047225861204,1156.4779795018371,176.9067176684719,5511.7872409566235,0.4725914853595579,0.4512243385635045,0.09128819124061949,0.9114917747428305
120,1546.4851985814114,1145.9188675759522,172.2410988055267,5475.428588384099,0.47550362240721494,0.4542840289965622,0.09203004746522757,0.9143521667497158
121,1532.2646992044947,1136.6854464452224,167.9003734384215,5436.340645244237,0.4784360453864647,0.45698662890912156,0.09283922723997583,0.9170053110382249
122,1518.43010445183,1127.5434827889212,163.58010070747545,5400.782072762471,0.4813310446481065,0.459686562774405,0.09358602979037045,0.9196376004493051
123,1504.745499838185,1115.9405513516804,159.2258239721331,5363.235013170361,0.48421533488340784,0.4631455766414024,0.09438585768525347,0.9222814825984766
124,1490.914665929175,1104.0046314190204,155.1675188319882,5323.063264335639,0.4871413344445884,0.46674671648389754,0.09525469331019124,0.9247367325550788
125,1477.0464877583815,1092.213927141172,150.96832119818816,5284.91492033071,0.49009615977538706,0.4703463904804835,0.09609260209518448,0.9272675024040411
126,1463.7515833310372,1080.406096902507,147.11525028865458,5251.831780961137,0.4929826620967447,0.4739936073796177,0.09682951432253785,0.9295803646087383
127,1450.6774806574383,1071.0332504073658,143.32588987896185,5215.858822518509,0.4958460909598437,0.4769196243123374,0.09764185181123386,0.9318457303241132
128,1437.2191293518445,1061.8986736397042,139.08072055071747,5174.370178878331,0.49877969200601585,0.47979662842677967,0.09859341108916984,0.9343720109982171
129,1423.7098943498092,1051.567071977253,134.80133574594927,5132.440277657531,0.5017345981616387,0.48308296668832484,0.09957101243002596,0.9369054484832825
130,1411.0170190275294,1041.48807248604,130.99824687363022,5099.209325736979,0.504589777646995,0.48632133446611947,0.10035760909454615,0.9391450624676067
131,1398.3802278889655,1028.1097755524015,128.536461364687,5064.622326429735,0.5074511186697568,0.49067050701747916,0.10118783241841557,0.9405884889870385
132,1385.3627271883822,1016.1127396144902,125.50205198374323,5025.066362461006,0.5103781334351808,0.49462025591432823,0.10215193771971992,0.9423605638401933
133,1372.5765750130752,1004.9980248913413,122.14011312530161,4972.916618633099,0.5132870730413318,0.49832199968285706,0.10344734257734327,0.9443143862145237
134,1360.262123498702,993.785032014998,119.01212085629194,4916.353425035966,0.5161498808453258,0.5020988473480701,0.10488464791570076,0.9461227805286521
135,1347.8629546558484,981.4573515111305,115.9024826078432,4866.395649669463,0.5190362919700352,0.5062995737462925,0.1061828191618687,0.9479112093904514
136,1335.3546839871626,969.422750793647,112.80045875649935,4818.518193721533,0.5219426344243616,0.5104508869712021,0.10745297203777433,0.949685418644093
137,1323.2310933941915,958.0107157055018,109.91340307705995,4766.5209109581665,0.5248048512287686,0.5144341248554298,0.10886235622338215,0.951327440037639
138,1311.3753531542975,946.6070265310296,107.31087679372173,4713.654190911248,0.5276437803806129,0.5184602735325775,0.11032816943225103,0.9527996965098019
139,1299.3596611757716,934.5792392907559,105.35421944906656,4666.03506085986,0.5305180836139725,0.5227567774795847,0.11167753035286382,0.9539014344320546
140,1287.2628810560032,921.7840563285044,103.3815836061154,4617.517268692407,0.5334144245149984,0.5273851026188078,0.11308171200994581,0.9550075595922642
141,1275.5741542525077,911.7990787541553,101.3456284961283,4567.107422949525,0.5362630794674317,0.5310382039422803,0.11457327111211849,0.9561442106338284
142,1264.1905096435719,901.4246060257907,99.44803262066482,4518.445314137693,0.5390746898525134,0.5348729996334792,0.11604538193796383,0.9571988983080757
143,1252.596926705699,891.7533924746554,97.63702186091355,4495.973766367051,0.5419284381869687,0.5384843682069538,0.11673501009419893,0.9582011146529447
144,1240.8101760686654,881.7090209267399,95.71821649961612,4472.52769948139,0.544823859878994,0.5422719111792507,0.11746205578019905,0.9592582735117345
145,1229.5503418742674,875.6830048861348,93.87109994826855,4451.115987712481,0.5476478754116756,0.5445625808453298,0.11813298130105897,0.9602711685769958
146,1218.621502694314,864.8766043839153,92.1588096554632,4432.318422024518,0.5504275369963434,0.5487058305100648,0.11872742039210478,0.9612058426745517
147,1207.4313628927055,855.2750586735949,90.39960356480867,4410.865363072649,0.5532636954319045,0.5524246528245569,0.11941214264665324,0.9621617902465953
148,1196.1949196133144,845.6354132177727,88.61453713372657,4387.14051705956,0.5561173948786413,0.5561946427141371,0.12017739275932951,0.9631271355837059
149,1185.457051141833,836.2614841133216,86.96232262982916,4366.598172518228,0.5588977575082245,0.5598958958244357,0.12084665453093665,0.9640163136242347
150,1174.7570300888929,826.9437353406786,85.36813921579642,4348.860658111771,0.5616871901270356,0.5636095980367442,0.12142965692723981,0.9648704176358878
151,1163.8853923980057,816.9816389442594,83.68189938857822,4327.189638584986,0.5645178436211999,0.5676186597654581,0.12214876989975768,0.9657695137008234
152,1153.209232407558,806.6973900471012,82.08525261427181,4301.883885505951,0.5673225934123812,0.5717995390201474,0.12299793263333332,0.9666165657824605
153,1142.9010473315445,796.5435675780618,80.59479577988702,4274.024491044695,0.5700704706882211,0.5759697741087498,0.12394460079917585,0.9674034804410431
154,1132.5548806260438,789.1752423255555,79.03594621719353,4238.437627474548,0.5728314170282981,0.5790229532154442,0.12517219720492645,0.9682225308007654
155,1122.0578009739243,781.8404429586263,77.48703464842951,4198.759972429107,0.5756308787418561,0.5820840036490303,0.12656563825970046,0.9690321677951222
156,1111.7992473368722,773.264917210256,76.05818962209769,4156.781116368965,0.5784037351737016,0.5856915269282825,0.12806891677802199,0.9697752650894966
157,1101.8906441267384,762.2875563049172,74.50982350282983,4123.139513007244,0.5811250429132585,0.5903546424836348,0.12929570840211393,0.970576433117843
158,1091.8985530191194,753.7927279942603,72.48016614982971,4096.783364091483,0.5838641782377745,0.5939993528121227,0.13027066191885187,0.9716200342214955
159,1081.6945817151973,745.2747527361869,70.56341078309627,4067.693890763405,0.5866424994509509,0.5976831963311191,0.13136135137923155,0.9725983441085021
160,1071.7404976354178,736.116531347702,68.59565087835009,4043.8174824133557,0.5893887091382402,0.6016790557716514,0.13226818206792906,0.9735952160656032
161,1062.2512078707732,728.926153710632,66.70922625800128,4022.9190760456254,0.5920703291850213,0.6048418949329176,0.13307077365087253,0.9745435023743471
162,1052.6764155621352,723.1034418547015,64.94427292613472,3997.950252517535,0.5947698286194505,0.6074196516731047,0.1340406827622776,0.9754239704825444
163,1042.914439465728,720.0828498991593,63.148830078700676,3971.5543127652677,0.5975020125738394,0.6087627227432013,0.13507917978979173,0.9763128164739409
164,1033.412648882907,715.3547836225794,61.397191408303165,3949.605514164368,0.6002003620351382,0.6108739201444955,0.13595319003861514,0.9771731209540712
165,1024.1911972827295,707.5170930824006,59.76632886546885,3926.537975905486,0.60286504894877,0.6143951200821581,0.13688221683208746,0.977967814670428
166,1014.8778015813457,699.7279029084575,58.13202584000701,3900.706284836987,0.6055501578801673,0.6179178223897452,0.1379354803926597,0.9787579689779494
167,1005.5426390742324,693.7034065801724,56.50794816182336,3874.6866393037017,0.6082394705237635,0.6206625118536782,0.13901043439134514,0.9795368455293736
168,996.4816248520364,687.8877299797617,54.997323915113235,3856.3820865391835,0.6108880539940527,0.6233274090943044,0.13977521889813327,0.9802554650227496
169,987.5843008302435,680.6027087521516,53.51070590884868,3832.809862184293,0.6135136490159864,0.6266869171173772,0.14077069790619492,0.9809570303479652
170,978.5746206446262,674.9209427018881,52.00831173229931,3807.8004604854,0.6161568932774071,0.6293236116628986,0.14184013117855454,0.9816602219398896
171,969.5901586568427,668.4583061116618,50.60663641471356,3785.5004657025584,0.6188093889637752,0.6323402273594823,0.1428054286229483,0.9823108472977481
172,960.9396363302047,661.9987548019354,49.25299276706744,3765.6779299143564,0.6214158613385109,0.6353743284984874,0.1436729020786035,0.9829340815974454
173,952.359345460546,655.5430989248543,47.91548100242125,3742.5779172463353,0.6240064780935183,0.6384255340612656,0.14469515563269827,0.9835448518053698
174,943.553608004136,648.8831009207811,46.93436656983094,3715.924320671661,0.6266365201867056,0.6415927882682474,0.14589012920572325,0.9839896135887651
175,934.7772660213969,642.0232428007878,45.90753313061236,3691.663500995192,0.6292724829357703,0.6448764952720922,0.14699253219305483,0.9844520875942364
176,926.4973044556668,634.7260918336196,44.91296067305576,3672.727342464222,0.6318248473775934,0.6483928790266038,0.14786283744251053,0.9848970309018065
177,918.3024234797331,626.796352125213,43.99023487807622,3650.878850547227,0.6343609072694927,0.6522418147809106,0.1488778962976273,0.985307139735577
178,909.8712042124259,619.0876568375963,43.050966050064034,3626.196973959373,0.6369443205942941,0.6560111851275019,0.15003893766076332,0.9857219022625291
179,901.5364247092251,610.6317294810211,42.102882649083426,3604.7526874296154,0.639516305114953,0.6601771968160016,0.15106002002140526,0.9861377343647875
180,893.5469433018942,603.4081443764305,41.22398911199202,3583.8669819912475,0.6420276383976081,0.6637622174578246,0.15206592288623083,0.9865206328605203
181,885.5617587053047,596.3932071902142,40.367270278653145,3560.847835324854,0.6445416210665293,0.6672668991493764,0.15318783012538706,0.9868914451548275
182,877.4629473147523,590.5092717976361,39.47291567043219,3538.037520690551,0.6470844871810746,0.6702237384664749,0.15431345110355962,0.9872759455286532
183,869.529357206549,582.6036744561636,38.63087394378913,3517.5915902178176,0.6495983485241607,0.6742219460339327,0.15533440394317352,0.9876354660704941
184,861.8136138073138,575.1547901813069,37.8383860982114,3496.193128691597,0.6520703001483107,0.6780156225910617,0.15641528978665556,0.9879715942278193
185,854.0395237948752,568.578147698363,37.009870138438835,3472.977682072873,0.6545577428022636,0.6813864144114155,0.15760249024162365,0.9883206555440208
186,846.2376805165426,561.3989333015107,36.203472442478486,3450.913947703838,0.657053510245411,0.6850888705706952,0.15874502277479907,0.9886580319879273
187,838.7038236962464,554.1267502100897,35.45683244051607,3432.309946762599,0.6594999112256693,0.688863596659266,0.15971934337604038,0.9889682942306308
188,831.3083819931792,548.6118810232072,34.70025214841329,3412.19231719933,0.661925069514618,0.6917424108621704,0.1607844657519438,0.9892805907304807
189,823.7422792016112,542.8325852504954,33.93256970426313,3388.333070216453,0.6643836070520648,0.694774330435222,0.16206341919939157,0.9895952626416495
190,816.1291324221922,536.7645338409718,33.220906819198596,3363.7768381466176,0.666852481117984,0.6979743812394612,0.1633975117546792,0.9898849498669187
191,808.8358005854476,530.9055697086526,32.53064176499742,3344.91743891452,0.6692642238448714,0.701080143614631,0.16443474899427088,0.9901640428348663
192,801.729929486871,526.5848766627257,31.807837715591617,3317.6041046760647,0.671643656808221,0.7033805848135588,0.1659570412099849,0.9904542703813926
193,794.5074996673856,521.7417731426265,31.126129065728865,3300.094097905145,0.6740419297157272,0.7059694893624797,0.16694551096043542,0.9907260629315954
194,787.2988862541383,517.0574360612113,30.486245643070884,3282.0376517456966,0.6764351578156522,0.7084835032613147,0.1679753415377204,0.9909794422829953
195,780.3165060786679,512.1935375633403,29.818374046432666,3263.38236840472,0.6787930874612982,0.7111045124862314,0.16905074952333896,0.9912420854029768
196,773.364959602122,507.3266608143128,29.16604859790392,3243.0068626436314,0.6811523146773918,0.7137379924933461,0.17023877920977806,0.9914967916233808
197,766.3965275071845,501.7541642612769,28.562472680274507,3221.645827267668,0.6835061040816083,0.7167671497692969,0.17149944189099067,0.9917308235806269
198,759.555753308879,496.11635901261354,27.953118702786195,3202.12188346015,0.6858301550230711,0.7198446222916386,0.17266509482909614,0.9919654705089892
199,752.833290269182,488.8854069961359,27.33289861133465,3182.4683071276154,0.6881454889992168,0.7238137386498231,0.17385218272270037,0.9922026129664938
200,746.0948053022362,483.56046358671324,26.757406173287443,3161.15361204863,0.6904652791666751,0.7267514276801188,0.17515540926400358,0.9924210919560893
201,739.3657372852584,477.12955677743986,26.2010423864452,3130.5322449799573,0.6927694152793895,0.730316196521806,0.17705687613515633,0.9926308447097885
202,732.7987283545415,471.5564554986224,25.558422895728192,3101.7578306235123,0.6950433807856317,0.733420411578931,0.17887573431152637,0.9928713633183786
203,726.3911298302274,466.2670191742698,24.854561085535845,3072.5344380023034,0.6973011384896521,0.736378995746674,0.18075559727693052,0.993132598238757
204,719.9053923482716,460.82334887964976,24.115610402816657,3047.5555022872086,0.6995685585118604,0.7394369018660625,0.18238886634003654,0.9934042786417105
205,713.3259832609122,456.5993082380854,23.380766450364497,3027.4544425761405,0.7018419536902877,0.7418183168982422,0.18372113095478523,0.9936718128801714
206,706.9051585429348,452.2817234690017,22.698992150455318,3008.588879534735,0.704095554995145,0.7442605607057775,0.1849865859534486,0.9939175829407272
207,700.7167808871228,446.6004914319154,22.03283384084057,2994.6298722919078,0.7063103448362017,0.7474864729038899,0.18593231818784037,0.9941553618312797
208,694.5411094654854,441.73597494585226,21.361281202550746,2978.689170770488,0.7085066177480094,0.750259609066527,0.18702230090207506,0.9943926741378539
209,688.3098684549284,436.2192724105604,20.735209158988763,2960.1244835887846,0.7107071092705637,0.7534161410010443,0.18830540229242282,0.994611694654899
210,682.1963931719171,431.0435233892083,20.131204934583145,2944.0025182847694,0.712899681123532,0.7563892661197309,0.1894317600755685,0.9948209109435959
211,676.1840750882646,425.64807829405726,19.516978241222148,2928.6912562564403,0.7150769217878481,0.7595005361137441,0.19051197884834697,0.9950315335609156
212,670.1830227339191,420.3336842097368,18.941631324852988,2911.670084207451,0.7172333152093513,0.7625766146856452,0.191725072645293,0.9952268284964713
213,664.23052599426,415.1529824891616,18.39327141126321,2894.6407078170655,0.7193763579425956,0.765586377969786,0.19295183730977028,0.9954111231490473
214,658.3922186719782,409.62098529241507,17.832601305673855,2879.5739610997175,0.7215109444104872,0.7688119916196865,0.1940482487326155,0.9955976585230732
215,652.5958659740678,404.43488471814896,17.3036822780734,2863.6983546948886,0.7236354054180323,0.7718468990462511,0.19521490214771348,0.9957718368062543
216,646.7779456184418,398.65635674179003,16.804554191917433,2846.350980354276,0.7257498715904267,0.7752408004093885,0.19650326655804964,0.9959345729367687
217,641.0194826410543,392.81645889432,16.294183730021324,2829.6177760241844,0.7278574921037626,0.7786837217387201,0.1977596231425571,0.9960992993111271
218,635.4521780711739,387.02192701589263,15.807961097245737,2815.8252252748957,0.7299277766664334,0.7821125032300386,0.19880536444308144,0.9962546228899695
219,629.9215442110763,381.48093059675205,15.352511333686834,2796.7003602115587,0.7319815391880407,0.785402849882592,0.20027085683754925,0.9963986626748236
220,624.2596570392401,375.99908201657496,14.888947834302481,2778.9958017713498,0.7340598191551351,0.7886689970403695,0.20164374168524765,0.9965437933208232
221,618.6166756035956,372.03683629153454,14.520691801261584,2759.2281859425475,0.7361442223527497,0.7910365177932384,0.20319538217059108,0.9966580030465504
222,613.2302391331775,368.7993955843206,14.248380144264866,2743.9858847294936,0.7381741541754616,0.7929747248766663,0.2044055371694374,0.9967418321461538
223,607.9051261492225,366.07594145592475,13.98926258848381,2727.0167640048207,0.7401757897195016,0.794608138649668,0.20576709388767647,0.9968210994260205
224,602.4976471024912,363.3109830771241,13.71488592806968,2707.649975826451,0.7421935604964264,0.7962690147044169,0.20733970559101453,0.9969044957735655
225,597.1762641223324,359.0470581299182,13.451013167444424,2690.4750539009683,0.7441977072353153,0.7988354548298768,0.20875124316972007,0.9969841690885213
226,592.0155347655149,354.90408184893613,13.210178428055345,2674.061146317088,0.7461669155454792,0.8013355570456144,0.21011537449147813,0.997056426603042
227,586.8301241523822,349.61166111756114,12.990402677398725,2664.0200292546447,0.7481366863361714,0.8045355484516137,0.2109571228987683,0.9971219779914605
228,581.6017761761292,344.7747271043256,12.76837973009348,2653.1432815222106,0.7501144843462325,0.8074678773324965,0.2118753586794855,0.9971878192217966
229,576.523984485107,341.11577480584407,12.537472182711191,2639.81167492394,0.7520531243212493,0.8096912619756591,0.2130100607804357,0.9972558852064727
230,571.5654213392022,338.106104080809,12.322960326365322,2628.290798857458,0.7539642873616674,0.8115229836588082,0.21399885556080922,0.9973187385301638
231,566.5389235449616,334.69090301895466,12.118910492283405,2613.6592671421636,0.755892439044295,0.8136046000541388,0.21526578239809066,0.9973781825350219
232,561.503881924524,330.6811970127212,11.90139737328012,2597.732303089237,0.7578234417559072,0.8160528404118912,0.2166592426798432,0.9974411763436875
233,556.6504811936659,327.8015155131596,11.654220158815525,2584.24987008761,0.7597048294751036,0.817813902406072,0.21785061246098666,0.9975122892019587
234,551.8835110389213,325.0770382947986,11.327906792889552,2571.1989054352457,0.7615603539329007,0.8194821912289691,0.21901437708168406,0.9976053866859463
235,547.0141093020558,322.1016349387839,11.0998069471048,2555.460466611569,0.7634408116025319,0.8213062472157544,0.22043176409267784,0.9976699243688449
236,542.1314876612258,318.72669630035074,10.892694666007639,2537.9424931153235,0.7653296594041249,0.8233778982451287,0.2220275591531418,0.9977281315555754
237,537.4340228042297,315.9327233967585,10.68578815105609,2523.5185670340047,0.7671733434672264,0.825095211349143,0.22335598481411098,0.9977859044039619
238,532.7976953288018,312.5733320628989,10.471484449839254,2511.1217540278503,0.768996306140109,0.8271624751374139,0.22450804908956293,0.997845342036296
239,528.0960082271348,309.15045676552995,10.27144827221449,2496.0088804659704,0.7708298997864735,0.8292715484662515,0.2259257744744462,0.9979004457799973
240,523.4793425293052,305.64365629328455,10.031371275735157,2479.9321509298634,0.7726408823276804,0.8314350993313651,0.22745061690118032,0.9979661050977164
241,519.0354919544804,301.9129142361428,9.775436516823605,2466.506821490239,0.774409996770877,0.8337397207432036,0.22873724065413498,0.9980355173919518
242,514.5410579466374,298.80950047903485,9.523930636728997,2441.988392341907,0.7761920308594958,0.8356590422509933,0.23111880577758553,0.9981031257664553
243,509.99811397443267,296.2205627132754,9.29057506154102,2417.6385607555358,0.7779837339586813,0.8372616428728352,0.23352530587094444,0.9981653118717384
244,505.58565740693956,293.61608002898555,9.05751572426812,2395.880728286685,0.7797368719267397,0.838875175329385,0.2357112441158242,0.9982268910402785
245,501.289044008117,290.3003698791855,8.822598770367625,2383.3180857043203,0.7814614290180173,0.8409311247403114,0.2369886942719228,0.9982884149460545
246,496.93455242702123,286.32631174334574,8.604196382071402,2369.447496779902,0.7832018892243224,0.8433978262463488,0.2384125852763963,0.9983451126764823
247,492.57217058388306,283.0904566191978,8.39191222187295,2355.2244388082913,0.7849386332365308,0.8454082596428419,0.23988746454817875,0.9983997539775351
248,488.35438028908305,280.0230891238658,8.173562856803423,2346.008278753479,0.7866323124431156,0.8473155061300894,0.24085109232308288,0.9984554656054567
249,484.21598460149164,276.3602115953872,7.960479703892873,2340.280293240262,0.7883089409329418,0.8495947458106532,0.2414531470256047,0.9985093448906496
250,479.990777693956,272.3374617067985,7.738154696380124,2331.7749206428816,0.7900053815421169,0.8520999529352657,0.24235194556392192,0.9985650415710697
251,475.7758315679762,268.54086167909696,7.517308941279752,2322.0215106137925,0.7916924853790991,0.8544661059928167,0.2433895531010144,0.998619827344891
252,471.70083287352,266.27041443814073,7.312007747318752,2310.823039120211,0.7933471074650825,0.8558818626649312,0.24459012781078812,0.9986702628507177
253,467.67321030889474,264.04713170043095,7.110075529514308,2299.614841411845,0.7949940587862718,0.85726869470294,0.24580166643276624,0.9987194015918182
254,463.5839497303022,260.927240571331,6.906352845019046,2286.8452486822275,0.796647224192216,0.8592155472923425,0.2471941843898115,0.9987684940835179
255,459.55872624248696,256.8716830502587,6.716319975812824,2272.160974610165,0.7982745939566391,0.8617473944853316,0.24881186986715234,0.9988138399297105
256,455.69731035710777,253.16391328009593,6.532744454551799,2259.3798648230713,0.7998660770288548,0.8640630345145095,0.25023432234110177,0.9988572301857407
257,451.8158207703928,249.49728270550688,6.345300781150349,2247.0743760541827,0.8014638988500187,0.8663536387711446,0.251616592856081,0.9989011063668763
258,447.8840928588952,245.78321438948535,6.169229308430639,2233.200087768761,0.8030628051028298,0.8686743417059344,0.25318956219526634,0.9989419150671658
259,444.0414034904316,242.3703688031809,6.001849730866395,2219.378003554099,0.8046344900403253,0.8708070583828044,0.25477295508604525,0.9989803407364234
260,440.30147315808574,238.8396234808915,5.8300219769283945,2206.954792735727,0.8061895800842805,0.8730134987468929,0.25621032385251397,0.9990194083222335
261,436.52870568807793,235.7686425327422,5.666842207617094,2187.8421087752417,0.8077499992083311,0.8749325121474671,0.258448282999352,0.9990561431625214
262,432.7535154725932,233.17163445971846,5.5135385317215,2165.247752627121,0.8092941307375437,0.8765551664268155,0.26113606360024466,0.9990903251049789
263,429.0753229269809,230.52033753547687,5.356715375164253,2152.8825832402586,0.8108128278574045,0.8782114783630562,0.26262646231711034,0.9991249572335599
264,425.46968741473876,227.9816995741793,5.205546357527524,2142.470193636508,0.8123265661684079,0.8797970811831122,0.26389241977615385,0.9991580107264889
265,421.8321959631266,225.7801552013638,5.064593655100645,2130.266010118536,0.8138357611959635,0.8811718266366537,0.2653891306660528,0.9991885339743819
266,418.1858927843023,223.555312817629,4.9218947940552455,2115.935889802875,0.8153308024569931,0.8825607540358389,0.26716451031538396,0.9992191408150937
267,414.6068043199178,221.30814937603756,4.782279308396085,2102.6461469787855,0.8168225301946818,0.88396317996664,0.2688285194837083,0.9992487932269843
268,411.09738059369454,219.215219880109,4.652997829885116,2092.7120348363155,0.8183042032795946,0.8852689145219894,0.2700835588338247,0.999275988783011
269,407.59877078407044,216.9862904418402,4.523765819751141,2081.308870489222,0.8197620784998978,0.8866589926548334,0.2715361893318565,0.9993029142531579
270,404.1072690576314,214.53720753733148,4.395030484913437,2068.1387981770044,0.8212079430786445,0.8881857196347431,0.2732299673268509,0.9993294743933118
271,400.68238848030694,212.43384851266558,4.275490584704134,2056.765761988273,0.8226534304855889,0.8894963107623084,0.27470663680881985,0.9993538984870651
272,397.31786930570524,209.79453227961378,4.158130843969275,2045.8360502315693,0.8240812372052908,0.8911399202751402,0.27613819038894233,0.9993776487214936
273,393.9490433421849,207.30056787757923,4.039343873972483,2033.7409756558552,0.8254896799177581,0.8926920056167933,0.2777367419516715,0.9994014536259288
274,390.59106532953354,204.58467712607342,3.9286161282123677,2021.744270757373,0.826893615853479,0.8943809778865137,0.2793373600552988,0.9994234272316133
275,387.3074580163418,202.20431564413957,3.821918126411342,2011.0355358139132,0.8282925280114773,0.8958601567640233,0.28077897982064925,0.9994443998061938
276,384.06412420105096,199.78815609265362,3.7126195496316154,1999.7324914393178,0.8296717231265549,0.897360403634677,0.28231392157550916,0.9994656749804727
277,380.807732589397,197.4411933371252,3.6099544076756875,1987.4576091393521,0.8310375183980657,0.898816464035298,0.2839965007512886,0.9994854631548157
278,377.5665580894365,195.59475724646495,3.5125954770389085,1975.685125694665,0.8324066927252709,0.8999611185374103,0.28562571547269366,0.9995040500192491
279,374.42038458519687,193.8807877071975,3.412462464452524,1965.922488006469,0.8337571310823233,0.9010228602405086,0.28698844195578627,0.9995229817064073
280,371.30682732637393,191.70921761725967,3.317252207383174,1955.3165547523079,0.8350838061289753,0.9023670597831461,0.28848101821094296,0.9995408056976679
281,368.14178758565475,189.288795115213,3.227997180758295,1942.5122611697648,0.8364137558670108,0.9038638030739661,0.2902999886770463,0.9995573552615051
282,364.99586523743193,186.86343174341167,3.1366692058816943,1929.3245201884506,0.8377526970045942,0.9053618937038619,0.29219313222087934,0.9995741263119435
283,361.94416278311775,184.81822867704466,3.0484168337677318,1919.4505529938779,0.8390666248545733,0.9066238011268812,0.2936238295055937,0.999590173088995
284,358.9262124556236,182.94831340055134,2.966270337815824,1909.5825288949711,0.8403544507207811,0.9077763914700907,0.2950651689271221,0.9996049662202978
285,355.86870897268494,180.98668789828963,2.883215022393327,1897.7035387694573,0.8416509254403572,0.9089842687761017,0.296815638959981,0.9996197797990466
286,352.87797200509897,179.04683027142067,2.8015089669678916,1886.3263794132447,0.8429378277447019,0.9101774382983148,0.29850811938496935,0.9996342095081565
287,349.9754057094348,176.8113649945578,2.725671022766237,1876.3813772948686,0.8441938814758535,0.9115507598879382,0.30000050555864255,0.9996474734487386
288,347.0475864865826,174.44178959953405,2.650241069607405,1865.5109149088812,0.8454459339709599,0.9130043829436103,0.3016457537152397,0.9996605401269694
289,344.0995189843236,172.37657247692746,2.5805740327888897,1853.9301350933742,0.846706663150045,0.9142695565507768,0.30341476572206105,0.9996724948984532
290,341.2408581417687,170.344638810632,2.520132027627519,1842.7731823739716,0.8479434343755756,0.9155125877076493,0.30513509604048117,0.9996827767657814
291,338.44490956498544,168.18488357516836,2.4632399146390593,1832.2952149115472,0.8491555370518442,0.916831897491583,0.3067652541443909,0.9996923771662446
292,335.606794208069,165.69659320437268,2.4042044800960594,1821.0927230741381,0.850374805265348,0.9183493325788258,0.30852388129809694,0.9997022584959505
293,332.7691644562763,163.19951378654787,2.3469978004012164,1809.279331655406,0.8515949181058359,0.9198692238623138,0.3103962620986594,0.9997117540910749
294,330.0281549763554,160.8323031120638,2.2938685134558643,1798.4488849522663,0.8527878444654877,0.9213072683140703,0.3121291594796396,0.9997205014683462
295,327.334185050335,158.6691295698986,2.2399720593632733,1789.0364006923096,0.8539608341013691,0.9226188384085889,0.3136479849203642,0.9997293037906828
296,324.57933117583474,156.27277779733953,2.186020348641304,1778.3366515653108,0.8551450671764954,0.9240689189007383,0.31538915872811424,0.9997380422309228
297,321.84056004961866,154.06205207552148,2.1359944979059367,1765.7445008924049,0.8563260888935244,0.925403871717143,0.317458486889282,0.9997460784164128
298,319.18592125496,152.21875083017318,2.084598285458655,1753.4108957880596,0.8574874651433583,0.9265149000735886,0.31950680563151856,0.9997542671931244
299,316.55337424875927,150.53511315414312,2.0287805376371812,1744.2183287519244,0.8586359381893981,0.9275280021605611,0.32104744287247317,0.9997630821121525
300,313.8869428821603,148.80381736585912,1.9742057513506002,1734.408998928657,0.8597857949667824,0.928567890197221,0.3227047487869403,0.9997716202116674
301,311.27939514799823,147.1804724673953,1.9187290675247026,1722.894872879153,0.8609200667401965,0.9295411898290851,0.3246678570132079,0.9997802161499669
302,308.76006116344723,145.56245098246592,1.8668982111938666,1712.3849237758764,0.862030347461388,0.9305095675703561,0.32647671668099676,0.9997881698349186
303,306.2111405398499,143.62125138506488,1.817204785822088,1702.6460991237425,0.8631445804405713,0.9316691805128694,0.3281674349939761,0.9997957242761811
304,303.63191231928204,141.69096186586756,1.7661422964677698,1692.0497641146721,0.8642604736419071,0.932819833299267,0.33002316382082375,0.999803412823558
305,301.135748220844,139.79485229426086,1.7179741929948056,1681.3276384481123,0.8653524025322684,0.9339476656844363,0.3319182690057971,0.9998105953459384
306,298.7018249842881,137.81067233908385,1.6725033049040936,1671.634650665973,0.8664293472910762,0.9351250910635589,0.33364664034149716,0.9998173121484901
307,296.2285524768772,135.86849518776495,1.6257523120937314,1661.6370397642015,0.8675116069577992,0.9362748512566746,0.3354445836646307,0.9998241525925848
308,293.76041196973796,134.15026137166313,1.5809910653494965,1650.9084995622197,0.868582803758216,0.9372896436327325,0.33739142662424965,0.9998306383562058
309,291.36831002749165,132.46702778667327,1.5391749220452784,1640.3426421555296,0.869635731190238,0.9382814717357468,0.3393266435548361,0.9998366403144004
310,289.01324050261485,130.85865416335912,1.496558901451084,1631.4068838637259,0.8706825680698164,0.9392270460950509,0.34097728103068214,0.9998426994305045
311,286.62603611252644,129.46768900376924,1.4550009263813575,1622.2562830718787,0.8717270112265528,0.9400430907093528,0.3426809941742628,0.9998485508170305
312,284.24870539639755,127.97463484481935,1.4163897357104742,1611.3140951700946,0.8727599185625908,0.9409172343719153,0.34473633055096986,0.9998539357445272
313,281.9278186321574,126.43015605501023,1.3776416964292006,1599.4074518599105,0.8737872314641298,0.9418194644856571,0.34699540283818847,0.9998592890548842
314,279.616789933493,124.73398006030624,1.3391230052144172,1589.62670519934,0.8748138363617977,0.9428078885544267,0.34886889627548373,0.9998645592248484
315,277.3028131617969,123.10002018016472,1.3033617759110294,1579.6407397028884,0.8758273550808151,0.943757655081395,0.35079858505738976,0.9998694053824778
316,275.0297828559563,121.49197990925845,1.2681544362171067,1566.1246924174525,0.8768234146322136,0.9446899574565958,0.3534379123193308,0.9998741318461016
317,272.8133521886279,120.03860366088534,1.232540852477908,1553.4504479747548,0.8778125340102397,0.9455304926841493,0.35594189622918787,0.9998788668397545
318,270.59969255948045,118.61128857811072,1.1993501384935394,1540.7331941165148,0.8787972712271698,0.946353973630458,0.35848313798834336,0.9998832372584023
319,268.3695774417439,117.04063074088447,1.16732252443346,1527.2575502200743,0.8797739609409837,0.9472578359048651,0.3612078070687032,0.9998874151086149
320,266.1793280382997,115.56214502710075,1.1344992401296192,1513.094086093706,0.8807402166720996,0.9481063914283846,0.3641074500149182,0.9998916557938827
321,264.03866317089194,114.08923762202602,1.103659233463776,1503.065995915306,0.881698966358894,0.9489495422992194,0.36618282830148097,0.9998956016986518
322,261.8926212333917,112.50006190727879,1.0744096490657271,1496.7073610637117,0.8826520083809892,0.9498567061488787,0.3675082964323726,0.999899309073158
323,259.7425518932829,110.86562651383339,1.0443330495073497,1490.0193828719684,0.8835950036102698,0.9507868725153971,0.3689107076940748,0.9999030851344484
324,257.64138794347133,109.31283465035608,1.0157627677290348,1484.9970413092374,0.8845272539462861,0.9516678604861638,0.3699693403909429,0.9999066374834739
325,255.5850629630316,108.20461654932433,0.9889834695710221,1479.427341644892,0.8854521945100915,0.9522949530390643,0.3711492055120832,0.9999099358960039
326,253.51713986121987,107.01766760508471,0.961605563472899,1473.002613368804,0.8863702860558538,0.9529649298326635,0.37251775695093053,0.9999132763168774
327,251.44097945398065,105.80107343611944,0.9350700259794484,1467.2900891431393,0.8872813888323026,0.9536499250832781,0.3737413378212768,0.9999164826156457
328,249.41082071933826,104.42954939943334,0.9103642955521042,1457.8231183669557,0.8881880341995274,0.9544202881774599,0.37578333962039023,0.9999194396115055
329,247.39745424855525,103.04559654324052,0.8854430255147151,1447.537256004057,0.8890925839728576,0.9551952932180818,0.37802205688018276,0.9999223944582802
330,245.37455489006442,101.87700349849334,0.8608351482442242,1438.8113274252526,0.8899896764193603,0.9558479374733606,0.3799378757489019,0.9999252840027141
331,243.37409713353748,100.78790320963427,0.8379664488027979,1426.7548082279475,0.8908738074116342,0.9564547124318727,0.3826104706477751,0.9999279437748883
332,241.4384284297322,99.6158950026971,0.8153092624317652,1418.6339237678185,0.8917442313406958,0.9571059449370507,0.38442738605828186,0.9999305543195568
333,239.51528227772357,98.4894426474401,0.7925382851725472,1409.3091412412587,0.8926089946393428,0.9577301499876636,0.3865306135678496,0.99993315279003
334,237.5672080319493,97.23649559573097,0.7713213693042635,1398.0574855475516,0.8934733271770136,0.9584224811377416,0.38909282314582583,0.9999355507374519
335,235.6463809661487,95.86432319321938,0.7507110241754091,1387.4086939724245,0.8943278706236018,0.9591782981835923,0.3915425268227959,0.9999378583826218
336,233.77610145671548,94.43711338121874,0.7296977372145191,1376.3705471475291,0.8951719156285256,0.95996172334546,0.39410761273663764,0.9999401886756099
337,231.91197236166684,93.05925103959768,0.7099882198335212,1365.334432379061,0.8960090581201935,0.9607153680958201,0.3966988719840189,0.9999423533521942
338,230.02610480425182,91.81051639738612,0.691187370004566,1354.754525684348,0.8968444273622816,0.9613961072464678,0.3992082614011978,0.9999443989384782
339,228.1784751575017,90.65596352473506,0.6718686555459529,1344.1016174047425,0.8976685636533155,0.9620234950407835,0.40176024688161704,0.999946480896236
340,226.3845300367797,89.54544711521778,0.6535603116067484,1333.2602308255896,0.8984827745657021,0.9626251076178645,0.4043838408334795,0.9999484349265504
341,224.58473634338023,88.40796900114992,0.6380479621595946,1322.488425412987,0.8992914873229322,0.9632393981239114,0.40701749036243867,0.9999500757954707
342,222.76560151191256,87.01989440146828,0.6241145082077787,1312.3571739325455,0.9000973951029103,0.9639864557097242,0.4095190701179388,0.9999515379322373
343,220.98620476461045,85.75340927484083,0.6112036301670488,1302.6738524632574,0.90089475531096,0.9646654689423513,0.4119323483730885,0.9999528827122073
344,219.23791454706898,84.59185533203859,0.5985115896284932,1292.4314613638694,0.9016872523878761,0.9652860042335916,0.41450920698298943,0.9999541951389667
345,217.47541441552772,83.43601323091184,0.585343113801822,1281.3820709357417,0.9024783306083823,0.9659013484864364,0.4173178635561067,0.9999555466913039
346,215.70985278401187,82.30122934964692,0.5729961556183721,1269.973194629281,0.9032644046827392,0.9665033772628084,0.42024945328798696,0.9999568043977133
347,214.0013467700717,81.18069704034411,0.5612967056705864,1259.4013880087862,0.9040360084662594,0.9670957712993569,0.422994350720284,0.9999579875032959
348,212.33283666717313,79.99644408997153,0.5490553930261993,1250.4528316241149,0.9047930128386367,0.9677195606712864,0.4253392835522298,0.9999592163131651
349,210.6394740497698,78.78834410859143,0.537236200150799,1240.8443471382318,0.9055516446483824,0.9683534440931327,0.4278798768700823,0.9999603937882761
350,208.94258179456062,77.68484102549945,0.5262490178333724,1230.400817568469,0.9063106850357385,0.9689302283208396,0.4306680853501502,0.9999614803343394
351,207.30033986294538,76.6146548141233,0.5139133119625998,1220.7935592972394,0.9070557348029226,0.9694875458377448,0.4332577889067137,0.999962690950249
352,205.68428288022668,75.50602269816152,0.5003110167730135,1211.2515024131583,0.9077883368238769,0.9700627313029193,0.43585352703183494,0.9999640142916998
353,204.0394034113286,74.59131572384814,0.48643096648116513,1201.4034654939305,0.9085241221969429,0.9705356294717676,0.4385579410219081,0.9999653518660224
354,202.4057063794579,73.72353615282361,0.4734368257881062,1191.7792988197573,0.9092562672324666,0.970982812264972,0.44122604039782903,0.9999665921407582
355,200.8311578770096,72.74341579763534,0.4610313113557816,1182.4161094481583,0.9099739900736281,0.9714861900495033,0.44384569382454375,0.9999677652906764
356,199.26518568594938,71.70251764087126,0.4482595839713831,1176.1825644005762,0.9106848939024677,0.9720188263572863,0.4456022230390159,0.9999689617033319
357,197.67536100272665,70.78213219743284,0.43616352199202746,1170.5867441797225,0.9113954163681013,0.9724880202777442,0.4471881084554137,0.9999700839852682
358,196.09956773747155,69.8395461772997,0.42478396041105065,1163.7874903217582,0.9121030762828028,0.9729667926747602,0.44912722219659434,0.9999711300003382
359,194.55496489687366,68.90781645758446,0.41317748083255273,1157.3401147070117,0.9128042572244497,0.9734383821539305,0.4509778391661686,0.9999721869219302
360,193.0152684300082,68.02851488121262,0.4027329067254283,1152.2852345076512,0.9134999029815266,0.9738818013297639,0.4524366870217936,0.9999731292920454
