time,log10_antibodies_mean,log10_antibodies_median,log10_antibodies_95ci_lower,log10_antibodies_95ci_upper,susceptibility_mean,susceptibility_median,susceptibility_95ci_lower,susceptibility_95ci_upper
0,1.7217199056655947,1.8430198840933099,-0.24843015023771745,3.0365248214101292,0.9563651835848763,0.9892264725995785,0.6942291279015679,0.9999833540067637
1,1.7160763593839972,1.837822599602959,-0.25979763878019174,3.03372307038674,0.9567413649967826,0.9893968326933539,0.696069713902453,0.9999839303776196
2,1.710464598799344,1.832245026782776,-0.27107896398072623,3.031269549080235,0.9571158323738941,0.9895766975125485,0.6976763928919542,0.9999844826519555
3,1.7048534218808276,1.826249732307513,-0.2823568770104506,3.0280604155173707,0.9574884348328154,0.9897666660624327,0.6997705913107827,0.9999850157895203
4,1.6992277065820829,1.8211463453210661,-0.29362231941813294,3.025912346447469,0.9578636114052553,0.9899256704562918,0.7011677353998439,0.9999855300479844
5,3.2592383107578087,3.2583764049628794,2.659517197277668,3.862692117609764,0.5271357441680864,0.5330084541686038,0.14916660762074663,0.8796044400100079
6,3.4168756917775274,3.416547557901416,2.8204162190601134,4.015978599608801,0.42470107828509107,0.41141850491755816,0.09829265859360314,0.8160636690366637
7,3.4667116748333227,3.466551853657814,2.871230443480529,4.065759400314491,0.3931145411292563,0.3744629347690347,0.08543746432406005,0.7912337940460118
8,3.483976461761446,3.4838941944671653,2.8879879008578206,4.081841815875438,0.3823472645691742,0.3619572880679104,0.08162152539490239,0.7825230467139465
9,3.4891640384625613,3.4891315638936335,2.8930059255733633,4.087755232588361,0.37913634447532407,0.35821618268859157,0.08025789487477603,0.7798641001945955
10,3.4893965606887773,3.4894582557706366,2.8934681497340944,4.086922234233677,0.3789993046272235,0.3579833855468235,0.08044872626441468,0.7796180033189894
11,3.4876268786319704,3.487802298369491,2.891876830568827,4.084898214739299,0.38010309120907954,0.35916407579498716,0.0809141199658901,0.7804644140540438
12,3.484996500603693,3.4852141158647996,2.8894122181641904,4.08301807376023,0.3817425431629711,0.3610128544717897,0.08134860462748537,0.7817706915260555
13,3.482021834639379,3.4820312935790136,2.8866021619606803,4.080222279279848,0.3835988595749319,0.3632920491367467,0.08199864989350986,0.7832532201747985
14,3.478814439245931,3.478984315395196,2.8835316082877713,4.076598606186457,0.38560344545038916,0.36547973525350935,0.08284822316248258,0.7848648328213147
15,3.475612195257003,3.4762599539361996,2.8804665672284506,4.073951712323884,0.3876086795587924,0.3674405037574926,0.08347384270220802,0.786464812556075
16,3.4723226808233254,3.47298352033141,2.87709161275112,4.070880811499769,0.3896720545435871,0.36980442429513066,0.08420506837420988,0.7882165610080402
17,3.46895281274925,3.469427137563498,2.8724299451445727,4.068136554184921,0.39178943302459984,0.37237740930844765,0.08486340926641273,0.7906188735944598
18,3.465643490643567,3.466120620749963,2.868828003967718,4.065300164506341,0.3938727588435113,0.3747761256619665,0.08554877065184145,0.7924613528029634
19,3.4623493219716845,3.4625386569972445,2.8667314543241824,4.061117489462038,0.39595031442978995,0.37738162014081217,0.08656859170672308,0.7935282367754178
20,3.458941208781917,3.4590132002757543,2.862539883623867,4.058733857003255,0.39810268662515136,0.37995294978271194,0.08715468062862336,0.7956490427250984
21,3.4554138028658867,3.455460359557135,2.8590341701440707,4.056130869308764,0.4003334637369346,0.382551086978136,0.0877988090573101,0.7974103595417884
22,3.4519419883222815,3.4516769852442,2.8533182984851435,4.054471149909876,0.4025326754525995,0.38532520637519974,0.08821175295384054,0.8002577791970235
23,3.4486128800074236,3.4483635604045335,2.8489730601241856,4.050660525761018,0.404645446947963,0.38776088344011805,0.0891665050997385,0.8024022269835582
24,3.445176950420688,3.444770578152171,2.8440909324192,4.048062546541758,0.40682882271516774,0.39040841247751157,0.0898227638602078,0.8047908806442071
25,3.4415382491912156,3.440995422971961,2.839771395558626,4.043820972354442,0.40914364160917405,0.39319714530697436,0.0909035622837192,0.8068859880375142
26,3.4379540058564975,3.4370837858508034,2.8349052174701064,4.037966700834246,0.4114272813621512,0.39609405986844837,0.09241450867989023,0.8092256937200464
27,3.434623502089234,3.4340287508859975,2.83203788957926,4.03537466109761,0.4135528845662453,0.3983616808095147,0.09309067434924541,0.8105941486117942
28,3.4311228442791677,3.430855340989105,2.8279981368922713,4.030565423803333,0.41578849121636324,0.4007217854900088,0.09435699268210461,0.8125093977066594
29,3.4273370509383407,3.4268668133003866,2.8244709288763095,4.027875303065726,0.4182079998130804,0.4036946399030683,0.09507203702293,0.8141694234404353
30,3.423676967008818,3.423573826881059,2.82031690056558,4.02392303133332,0.4205509730232786,0.406154423039521,0.09613136909544241,0.816109877785968
31,3.4203368331442086,3.420576826251428,2.815301621049984,4.02164310827921,0.4226923982410548,0.4083972146337291,0.09674723795010275,0.8184316830324673
32,3.4167383312735002,3.417271983760788,2.8118757698422376,4.018091790469963,0.42499974955306663,0.4108748039936244,0.09771357138562131,0.8200045162768653
33,3.4128300399252796,3.4135043822666553,2.8078067453361912,4.014789724552873,0.42750683174552434,0.4137048351737477,0.09861979395884934,0.8218587796834513
34,3.4091459682562446,3.4101462314705113,2.801664439106382,4.0116873623735385,0.42987327697288713,0.41623212527028564,0.0994780219385842,0.824629482434611
35,3.405716382464217,3.4068372882810265,2.796943442278376,4.009153259271158,0.4320791260824276,0.4187266989995876,0.10018397165923634,0.8267359049920904
36,3.4020153503416317,3.4031268754212545,2.791846051945635,4.006047114288393,0.4344594555104982,0.42152888089139395,0.10105535143409543,0.8289877471722404
37,3.398065735227712,3.399196440066291,2.7874547195733723,4.002909204268849,0.4369998457073031,0.4245027471524613,0.10194246540460926,0.8309090140486769
38,3.3943568093874847,3.3960870942579118,2.782316348915721,3.99907622950037,0.43938741842000245,0.42685924748152887,0.10303544414933133,0.8331352348355862
39,3.3907582227246786,3.3927173642074675,2.77687208266557,3.995533177074441,0.4417061887877486,0.4294168354751977,0.1040549590796626,0.8354683521087521
40,3.3869461710539617,3.3890887914783683,2.7716620778737684,3.9914501366164834,0.4441623237990093,0.4321750998891467,0.1052409075345787,0.8376764748469716
41,3.383020073806517,3.3850975840272652,2.765937530837231,3.988595337270363,0.4466917890212249,0.4352138796314102,0.1060771742188074,0.8400750566385644
42,3.37929695521829,3.381909381544019,2.76162787783294,3.9858279551282725,0.4490914369129588,0.4376447901616207,0.10689341941446133,0.8418617994591742
43,3.3755545799948776,3.3780548575202616,2.7566191305277106,3.9819023093421935,0.4515039466202935,0.4405877441846352,0.10806077748620814,0.8439179747871915
44,3.3716127910633076,3.3741406901738733,2.7511160583970553,3.9772010804363007,0.45404480142357806,0.4435805141241229,0.10947350141824003,0.846151904389523
45,3.3676746121585026,3.3698450849286905,2.747356299597557,3.973890186158056,0.4565832056116748,0.44686964257547634,0.11047813057577639,0.8476630421306252
46,3.3639386910891553,3.366558574896188,2.7434615172896657,3.970786635862658,0.4589905012170791,0.44938927039475113,0.11142716955538913,0.8492156221741023
47,3.3600820810734824,3.3623141325562926,2.737471212772744,3.9679611572229274,0.4614747565517238,0.45264713276382795,0.11229737067928973,0.8515780878279616
48,3.3560145810156996,3.3581830732088793,2.730818852165828,3.964839291604764,0.46409500216492244,0.4558218701404194,0.11326571963158341,0.8541657470685617
49,3.352058839656078,3.3542079244105545,2.726895579056347,3.962406401626161,0.46664214849752406,0.45888018589065027,0.1140254201499353,0.8556742295096829
50,3.3483112156456714,3.3503692724590746,2.7234061340092017,3.9589212646509946,0.46905261386797104,0.4618364321596894,0.11512143319863608,0.8570049611304569
51,3.3443580218085422,3.346268900750481,2.719741924836499,3.955552108519877,0.4715945380065333,0.4649971976852112,0.1161896689564044,0.8583913702557544
52,3.3401621197191926,3.3419441924989886,2.715506494566639,3.950850304333912,0.4742926448377899,0.4683339374795491,0.11769483742474492,0.8599798675697559
53,3.336150202125448,3.3378802977596234,2.70950615478985,3.946950730978154,0.4768692530156235,0.4714720329496684,0.11895596347145113,0.8622047527302704
54,3.332353238902444,3.334796668352662,2.705923292287322,3.943869167002841,0.4793036915581025,0.4738546976097707,0.11996080972769167,0.8635190337419003
55,3.3283095987178224,3.330557096172928,2.702159847176568,3.939531413847611,0.4818963059962014,0.4771324611751307,0.12138768639954342,0.8648881742002077
56,3.3240171346976144,3.325994029135307,2.6962458483470155,3.937343214730391,0.4846480412942289,0.48066252463209175,0.12211300753744114,0.8670162479099216
57,3.3199966901507345,3.322124788517849,2.6882730304759814,3.9335961584422043,0.4872193688743623,0.4836573592132778,0.12336372105202772,0.8698401986046989
58,3.3161360140420744,3.3183620218107954,2.6812050694845087,3.9306791563110632,0.4896841400100981,0.48657091021773613,0.12434499522966291,0.8723008501202183
59,3.311990168909339,3.31400731693921,2.6752102593843143,3.927955506433346,0.49233148415040706,0.4899439322742325,0.12526724401091205,0.8743566655222913
60,3.3076667118597056,3.3101197172033734,2.6687332168559004,3.9251237525885165,0.4950898472430836,0.492955932265612,0.12623230639707153,0.8765459382733624
61,3.3036247546951154,3.3067517084412947,2.662669706244042,3.922478389904266,0.49766084320217885,0.49556578886834657,0.12713959082835996,0.8785656552524603
62,3.2996248967465434,3.302426304199953,2.6563537817949534,3.9195837201323687,0.5002014938387885,0.49891786264527815,0.1281387622550465,0.8806390986929138
63,3.2953960199412324,3.298473839147503,2.6508657604044927,3.9149522120347457,0.5028866432799497,0.5019810109212901,0.12975139422026752,0.8824158440774881
64,3.2911233075322888,3.294049619918982,2.645128792118412,3.9113347374530867,0.5055949266640096,0.5054095801144525,0.13102289714520837,0.8842486224304703
65,3.2870416833566765,3.2904084352244203,2.6374540418791628,3.908044358896495,0.5081745025915971,0.5082309657008462,0.1321886367875321,0.8866616092038714
66,3.2829084110348727,3.286198190276078,2.629855330340774,3.906056726960268,0.5107829531248415,0.5114926245995609,0.1328970590112385,0.8890073434889185
67,3.2785886971549933,3.281527625717783,2.625307196568071,3.9009704130836704,0.5135069937095315,0.5151097346182283,0.1347245861418948,0.8903909481330513
68,3.274321673726884,3.2780814676511643,2.618609957724778,3.8975830243660563,0.5161914983055808,0.517777612188119,0.1359534159443425,0.8924007969158053
69,3.2702036169863504,3.2744242578104084,2.6124364530731343,3.894761360629057,0.5187734767074035,0.5206077659843347,0.1369842222528857,0.8942246918941841
70,3.26595624452249,3.2704684009912004,2.6064707703259535,3.8915030445516496,0.5214327481878828,0.5236675351425847,0.13818271677251648,0.8959612143402157
71,3.2615216480274336,3.266124842053414,2.6002440711723636,3.8880401588736113,0.524208249825893,0.527025130470633,0.13946609324542986,0.8977468354723112
72,3.257222168792034,3.2613853085608877,2.592925991243899,3.8846782503318993,0.526890435424029,0.5306860185687652,0.14072159041682225,0.8998106453365381
73,3.2531047663949932,3.2577990343707293,2.58632856664692,3.8817804543558894,0.5294461859448338,0.5334539397894009,0.1418113356879851,0.9016394055700994
74,3.2487785414470225,3.253672422244213,2.5793201797184833,3.8783742718920164,0.532130018181508,0.5366363419273888,0.1431012648243344,0.9035494526989635
75,3.2442645771232552,3.2493338294396326,2.574860759887566,3.8751914442167346,0.5349308926334169,0.539979001318105,0.1443154220932151,0.9047474532892744
76,3.2399446302513555,3.2452353732459454,2.5671234628023543,3.872363245354544,0.5375978098100364,0.5431333531642761,0.14540147688293398,0.9067945557372556
77,3.235736129772187,3.2408396447131382,2.5597808927572645,3.869037205006792,0.5401826039141205,0.5465126520574839,0.1466873767663923,0.9087006590661264
78,3.231336191890557,3.2365945332436548,2.554579560226104,3.865804837630385,0.5428855095958575,0.5497721008650879,0.1479460713221085,0.9100295938763537
79,3.2267981181388095,3.23236606087848,2.548869605370157,3.8630343110045144,0.5456720783133232,0.5530145325405319,0.14903201750307854,0.9114683690425144
80,3.222471599320179,3.2280239981105714,2.542848632725555,3.8609337594454116,0.5483101706578425,0.5563393774006058,0.14985972632926783,0.9129630128037841
81,3.2181760991113686,3.2240424217525483,2.5371142369504995,3.856618365677632,0.550919205779032,0.5593837654934747,0.1515720769629781,0.9143652066986385
82,3.2137052767838212,3.2199283201372593,2.53061263494506,3.852520270048588,0.5536365726166107,0.5625247976883896,0.15321303346298837,0.9159302734109338
83,3.2091630081842246,3.2159376574956635,2.52266598883343,3.849724769446148,0.5563903355553149,0.5655668066666408,0.1543407345917763,0.917807857472232
84,3.2047920637140583,3.2118026619244215,2.5133701575562335,3.8467819150033926,0.5590211294912157,0.5687136332923016,0.15553521864148193,0.9199557154279822
85,3.2004027294267607,3.2076195187757737,2.506914856387996,3.8435420502498374,0.5616568620946734,0.5718914648719187,0.15685895291915555,0.9214169601933658
86,3.195863498127047,3.203204039545784,2.4997561055723048,3.839389115363926,0.5643817432537833,0.5752393701020724,0.15856912625994124,0.9230088847521233
87,3.1912976333543908,3.198671508771472,2.4933839224541394,3.836450888280958,0.5671113874409786,0.5786688582038114,0.1597882077506089,0.9244009944715039
88,3.186865462854413,3.1943412522049943,2.485344850504601,3.8330676278569387,0.5697446727770105,0.5819382283347676,0.16120133132108413,0.9261242617057798
89,3.1824235988199683,3.189987782545478,2.4781280971666466,3.829960856095975,0.5723766277567335,0.5852178794173784,0.1625078384225607,0.9276403905822381
90,3.177828670531441,3.1858225468368024,2.4708774434567617,3.8256418191721338,0.5750959702839019,0.5883486815384438,0.16433831643489777,0.9291346954597075
91,3.173276241801465,3.1811766256469745,2.463614533528979,3.822108488470485,0.5777762324971932,0.5918323596920202,0.1658480838804319,0.9306029057638393
92,3.168834626997689,3.1772270816485664,2.4560103320217554,3.819169307464215,0.5803755649512262,0.5947866445501572,0.16711243036538811,0.932109923830302
93,3.164258477196114,3.172621722182889,2.449744541650735,3.8166932193731444,0.5830503958784119,0.5982228202393454,0.16818353243788223,0.9333287917700177
94,3.159554848102056,3.1684202466651588,2.4395498650462097,3.8141386800944415,0.5857961732722095,0.6013492647694825,0.16929430537865722,0.9352686592768114
95,3.1550167899799115,3.1636008510178817,2.4313630160101685,3.811241313744203,0.5884256377673768,0.604925354967759,0.1705612091815635,0.9367882836032254
96,3.1505707935320273,3.1594233144668378,2.423163793569764,3.8082624167628274,0.5909839740439368,0.608016127777672,0.17187160549681563,0.93827679247046
97,3.1459265843010975,3.1554875910896447,2.417702914671763,3.8054009696171462,0.5936559080168549,0.6109200982152372,0.17313783274988742,0.9392499470402925
98,3.14115461038379,3.151123075017046,2.409506826333177,3.8018037160604687,0.5964006072294528,0.6141312667833858,0.17474011538067027,0.9406836450590386
99,3.1365823272710425,3.1467221979246744,2.40531389222487,3.7981668990493493,0.5990062046317065,0.6173591605938806,0.17637188112159888,0.9414047640316361
100,3.132071016551668,3.142701535063974,2.3971583597326585,3.795133552795724,0.6015584405129726,0.6202991669596536,0.17774201863121503,0.9427839139707183
101,3.127397815531068,3.13835351832794,2.389705726178025,3.791462388900317,0.6042026595075789,0.6234686282288897,0.17941140605533284,0.9440174824988516
102,3.1226382479826897,3.1336583125388553,2.382266875447081,3.788863742162229,0.6068913331807368,0.6268793364934123,0.18060046102576308,0.9452237860369879
103,3.1179915578565947,3.1294439607962223,2.3742925449732377,3.7845885054334425,0.6094933217588226,0.6299300426057559,0.18257004699682924,0.946489706034119
104,3.113361746454463,3.1248534146552194,2.3655444422422747,3.781042744490411,0.6120711518586557,0.6332412975801662,0.18421620718942158,0.9478466935220623
105,3.1086591399231036,3.1208090352816757,2.3587858519723235,3.777283692811312,0.6146861954581228,0.6361482142856769,0.1859739277719748,0.9488727387212958
106,3.103943244223563,3.116386616643578,2.3531538436518566,3.775309459039472,0.6172962331977632,0.6393155033207343,0.18690213558197846,0.94971313495235
107,3.0992860505435638,3.112134689802949,2.3469686156801806,3.7725371310779403,0.6198519690968549,0.6423493043809436,0.18821171336289325,0.9506209988655945
108,3.0945935885117635,3.1071852448509656,2.3402782909198314,3.768706201670432,0.6224195837841964,0.6458664679938384,0.19003292861083004,0.9515855040502771
109,3.0897850558733713,3.1028916757627405,2.3308766611174736,3.765012275450592,0.6250499248650582,0.6489048420725669,0.19180175519754322,0.9529106936624013
110,3.085006894798585,3.0984972134777564,2.3225633348617833,3.7620819231405567,0.6276443841555981,0.6520021645945331,0.19321386049120973,0.9540536993407988
111,3.0803650455007703,3.0939966003506374,2.3133310053995273,3.7598808985776375,0.6301372961322204,0.6551610360386287,0.19427969928239883,0.9552920964605234
112,3.075653818664521,3.089818052171628,2.3053830037013094,3.757252855258916,0.6326658697563972,0.6580816444044225,0.19555815838125118,0.9563326726150869
113,3.0707772924060395,3.0851544406463516,2.297026607425853,3.7539069706552484,0.6352849449467469,0.6613271876859128,0.19719502317099752,0.9574017699062805
114,3.065954685465193,3.0810906186039655,2.2884047295993413,3.7496391958255133,0.6378505403000292,0.6641430122746064,0.19929787112753497,0.9584786018313539
115,3.061270997032351,3.0770055555928333,2.2795329345801503,3.7469155267878653,0.6403161847624127,0.6669618420663015,0.20064866148410204,0.9595594347831575
116,3.056504492331102,3.0724394417057566,2.2711442517123013,3.7430852686530534,0.6428248275373493,0.6700985276490552,0.2025598584697723,0.9605565858170769
117,3.0516175166610204,3.067420177894103,2.263301657805643,3.7395152342663542,0.6453919933830204,0.6735291111414858,0.2043534735321408,0.9614674663587929
118,3.046794373174173,3.0624776062576338,2.2555767310217574,3.7370096010537877,0.6479008413122117,0.6768892164152143,0.20561937963519322,0.9623449192500743
119,3.0420060902785546,3.0582690191967368,2.2472914311120364,3.7352286553361087,0.6503781002529105,0.6797360412874558,0.20652261093898544,0.9632646804290751
120,3.0371660822512707,3.0538953584838087,2.238799233632259,3.7335231382326355,0.6528736618829697,0.6826804061769074,0.20739026175909578,0.9641849641486105
121,3.0323010441090448,3.049009106522302,2.230595116072688,3.7319654477728914,0.6553666838686256,0.6859526332319736,0.20818512857833785,0.9650529235318686
122,3.0274998897419967,3.043561226948908,2.2222600061963274,3.73017667868542,0.6578071924247827,0.6895792904994721,0.2091007010711542,0.9659139621281673
123,3.0226812031172754,3.038943178229321,2.213521172050774,3.7276559334383292,0.6602466229745043,0.6926354118610707,0.21039597358286546,0.9667947167032199
124,3.0177817510278038,3.034548541144548,2.2037176206728826,3.7245924301608073,0.6627187015737769,0.6955280779932409,0.2119780192188418,0.9677566350018161
125,3.01284555260799,3.0299450700352057,2.195653763815114,3.7228399992015055,0.6651969621738978,0.6985417185512355,0.21288688329769645,0.9685276077935301
126,3.008006353287585,3.0255436177637436,2.1873840894862466,3.7192674871537448,0.6676026160305921,0.701407187611073,0.21474855054876418,0.9692997262956045
127,3.003172656484208,3.0213916400928764,2.178992687605842,3.716340015473171,0.6699888490583711,0.7040958473742083,0.21628286386077547,0.9700644465057837
128,2.9982199863334666,3.016557615767271,2.1706367235978186,3.7124699140092137,0.6724341287486193,0.7072084128284472,0.21832338928811873,0.9708075777323469
129,2.993247076105439,3.012190446362875,2.1621779627614024,3.7087590799090133,0.6748797174357469,0.7100038203666272,0.22029294146365128,0.9715416126749004
130,2.9884135529545097,3.0071011612850906,2.1524422058467287,3.7046794423445535,0.6772210500726727,0.7132414380157064,0.2224729076668933,0.9723643003987976
131,2.983526008561697,3.0022527694858336,2.1431817902360075,3.7011965328038166,0.6795778730362798,0.7163056203818893,0.22434614390105842,0.9731253499233464
132,2.9785316600345957,2.9974952333719127,2.134016352745181,3.6978338274868543,0.6819894200557305,0.719293080374937,0.2261653470883208,0.9738585080990039
133,2.973581601865806,2.9933404293241113,2.125535899510668,3.694420016443927,0.6843596445784821,0.7218863055518774,0.22802287346112882,0.9745195143976666
134,2.9686796463597025,2.988567686162506,2.1164511312974277,3.691673725083607,0.6866796702605643,0.7248469721975582,0.22952494544384508,0.9752095601998724
135,2.9637058303391925,2.9837161144569126,2.1065130964726797,3.6878661854015404,0.6890288322609504,0.7278364178566927,0.2316189665554689,0.9759435673614248
136,2.958708759096762,2.979296077084502,2.095870419075728,3.684876210478243,0.6913812672732758,0.7305421873093529,0.2332726709571066,0.9767061075943094
137,2.953780395491427,2.975153799310987,2.084454705259621,3.6823085901858272,0.6936740238698345,0.733062459430943,0.23469931217119744,0.9774978087483541
138,2.9488445184198397,2.9705120972021284,2.0735121160203227,3.6791503682620332,0.6959535848447196,0.7358687201098895,0.23646240114753092,0.9782319897924332
139,2.943833014827681,2.965657061600765,2.062729633330758,3.6759104380632515,0.6982648487586364,0.73878364391414,0.238280582767069,0.9789324947198355
140,2.938803060240032,2.961045865630465,2.0531745949815106,3.6729505171277186,0.7005743900017273,0.7415328378530703,0.2399500123580327,0.979534789072285
141,2.9338311693003694,2.95659464586903,2.0429862998602006,3.6699064563305117,0.7028310362857003,0.7441687045649779,0.24167522236502467,0.980158436726957
142,2.9288680640318874,2.951664014461217,2.033061235604905,3.6663232764395177,0.7050654772458886,0.747067810611143,0.2437167845456942,0.9807480482940846
143,2.9238348861684234,2.9470655291841905,2.0230522202708987,3.663004174609755,0.7073291755440536,0.7497519455316948,0.24561827191876745,0.9813252403300912
144,2.9187505489000354,2.9426543007366686,2.013417562337866,3.6598457187144855,0.7096091259072371,0.7523089071079763,0.2474369945400727,0.9818647950552901
145,2.913760705199159,2.9383875386092164,2.0040633928333063,3.656704522553114,0.7118132670998208,0.7547653846850325,0.24925472990877662,0.9823739906764964
146,2.9087874358135335,2.9337366802070535,1.9967109218340737,3.654105670139401,0.7139915319329785,0.7574242091729579,0.2507653484201408,0.9827643376732031
147,2.903715366942215,2.9288188278314014,1.9891152498387452,3.6516235062103926,0.7162160343081774,0.7602142742405693,0.2522138181196814,0.9831586736002144
148,2.8986230062373193,2.9238092407842142,1.9787907000369922,3.648774066693345,0.7184369048494785,0.7630337140398307,0.25388344189733736,0.9836805191077517
149,2.893620149382642,2.9192348832497537,1.9692461458290182,3.6462924051658763,0.7205855109882293,0.7655881675071319,0.2553434755371504,0.9841487648585336
150,2.8885765284013747,2.9143895625227128,1.9581954741498329,3.6428834627592,0.7227438380213924,0.7682730279046236,0.2573580542316178,0.9846744091164653
151,2.883465337861445,2.909378376094501,1.9493920536208456,3.6397711590472857,0.7249279302937073,0.7710271258658685,0.2592063597086249,0.9850808300473247
152,2.8783829132384215,2.9049877806389306,1.9411421366079953,3.63658970432602,0.7270770967225777,0.7734211754631782,0.2611046343743705,0.9854520669131753
153,2.8733558658870066,2.90066277670783,1.9314886981964312,3.6338258244502932,0.7291779608261075,0.7757621026606771,0.26276103569556575,0.9858749264571878
154,2.868290204434401,2.8958449168870692,1.9232012622382242,3.6307872439207314,0.731288733120613,0.7783494794109491,0.26458985195552237,0.9862282515192505
155,2.863160611714665,2.890901813500032,1.9140548927636527,3.627487847310016,0.7334214481342548,0.7809818598335633,0.2665848488939793,0.9866080889584046
156,2.8580577369111992,2.8858386841365586,1.9022582751203878,3.6249567526560784,0.7355189280289287,0.783654753977273,0.26812176189166675,0.9870827752254854
157,2.8529941707867126,2.881408618518644,1.8909987793841998,3.6223386622332328,0.7375779565311458,0.7859740099233388,0.2697173978449805,0.9875203349051125
158,2.8478880168073766,2.876475374170993,1.880226228331269,3.61949731528574,0.7396507564596954,0.7885353390458226,0.27145585512274506,0.9879252635611355
159,2.842711624353705,2.8720385132354713,1.8709996362236965,3.616822158572246,0.7417490672416616,0.7908197229012486,0.273099046125886,0.9882617412192681
160,2.8375827547252332,2.867301119612084,1.860941171465996,3.614696772540314,0.7438006074151282,0.7932387497163796,0.2744089594897135,0.9886180055805796
161,2.832524818836763,2.862978255899311,1.8522323006437085,3.611857953835557,0.7457938414040177,0.7954280065696454,0.27616466197893913,0.9889178198791927
162,2.8274076274378133,2.8590666192405885,1.842170342155384,3.6090784556405375,0.7478103910793139,0.7973941231759794,0.27789038216903833,0.9892545038161862
163,2.822210864171872,2.854664225849212,1.831726224150186,3.605959179438941,0.7498572558666567,0.7995900051804361,0.2798349493490077,0.9895932739064793
164,2.817066988573711,2.8502629535106605,1.8231336168323844,3.6029351061495007,0.7518541377432016,0.8017674600755679,0.28172808619733886,0.9898640460163769
165,2.8119596022741193,2.845559491151093,1.815063611502454,3.599839567496496,0.7538161354178011,0.8040746724982133,0.2836740014876154,0.9901119954692845
166,2.8067975151858735,2.8406204298230966,1.8056604415619961,3.596498302650919,0.7557959128799994,0.8064755234223874,0.2857834708633531,0.9903933392712351
167,2.8016062477594694,2.8361536054609244,1.7988371846298812,3.5925769535649406,0.7577745724371417,0.8086275361349733,0.2882711318058389,0.9905925143232511
168,2.796463211328427,2.831783568539395,1.7897645653721765,3.5895318039823647,0.7597090961780827,0.8107151775729009,0.29021180306284033,0.990851028295418
169,2.7913308404238975,2.8271616802088317,1.7815459899482453,3.586532788354594,0.7616268860428338,0.812904092757018,0.29213060075820474,0.9910791188989815
170,2.7861473106324137,2.8221936019243667,1.7718803931439557,3.5833270549654084,0.7635588324508898,0.8152351727375473,0.2941898712869086,0.9913401784963763
171,2.780944039357243,2.8171467557775256,1.7621280849223573,3.580144135360658,0.7654821871245514,0.8175801473961233,0.2962428396390932,0.9915958978737511
172,2.775792678991429,2.8121331947164787,1.7518008707360504,3.577413144185556,0.7673601348332537,0.8198867028599224,0.2980109111915415,0.9918585299422313
173,2.7706172074552464,2.807821896226761,1.741093481822965,3.57443467241635,0.769240471332075,0.8218519180790869,0.2999461089493968,0.9921222421120403
174,2.7653595644821882,2.8027518813742884,1.7313163747740172,3.5713019581407117,0.7711528494221548,0.8241414434876679,0.3019892515701535,0.9923556307036716
175,2.760113104024955,2.798066984345632,1.722818210508607,3.568477091935193,0.7730429664903008,0.8262364222553417,0.30383836678302434,0.9925529030598352
176,2.754980559689438,2.7933434446363616,1.7125224507946957,3.5649200397209713,0.7748512904615045,0.828328675881489,0.3061758081136107,0.9927851481415736
177,2.7498044810596474,2.789018872170774,1.7002079732769406,3.562287578834258,0.7766697927180143,0.8302266579169032,0.3079121237326248,0.9930535112667188
178,2.744537198834389,2.784551163745804,1.6895128762356209,3.5591538230121307,0.7785266179543454,0.832169886421652,0.30998619007668204,0.993278522125927
179,2.7392954213864837,2.780174684919272,1.678914871208462,3.556541159120321,0.7803545306326545,0.8340561761901073,0.3117212392889353,0.9934943469534464
180,2.7341156868917205,2.775844493265783,1.6688101211701711,3.553296260464545,0.7821306840644692,0.8359057681035365,0.31388352627506566,0.9936937101255106
181,2.7288977447553266,2.771096985376656,1.658000129956751,3.550189056091079,0.7839130218241762,0.8379145315078296,0.31596166093358363,0.9939002712441427
182,2.723633762163848,2.766262598909691,1.6476029415598905,3.547322825897612,0.7857082480141275,0.8399396182254396,0.3178851755518492,0.994092595939334
183,2.7184011123723626,2.7613245604786614,1.6380528352013297,3.5443825002550886,0.7874696382322327,0.8419869444489225,0.3198648965292369,0.9942639346024262
184,2.7131874864794985,2.7567368984162375,1.6285595899911516,3.541605280094016,0.7892055349023983,0.8438698867808268,0.32174077419126335,0.9944293552315048
185,2.7079274194067455,2.752316764136933,1.620604577339003,3.538219520167736,0.7909543721610793,0.8456667334687774,0.32403549159866174,0.9945643126892554
186,2.702653767364536,2.7474396582742453,1.6124486539859226,3.5348646775445864,0.7926969515598126,0.8476296892472728,0.3263176286792274,0.9946993027763795
187,2.697441350114866,2.7428956387920853,1.6024620718455969,3.5319802711821726,0.7943888170004895,0.8494401105378084,0.32828635834964687,0.9948600594102427
188,2.6922102453812173,2.738010193608856,1.5930594362673143,3.530079240711116,0.7960757535818495,0.8513667813058347,0.32958720444775963,0.9950069793100167
189,2.6869012903308844,2.7332275811407643,1.581431177380124,3.5260733856122957,0.7977959697727178,0.8532331374897444,0.33233690039121727,0.9951829090142986
190,2.6815660967591013,2.728227738203489,1.57075898466012,3.5231519616545914,0.799515513553483,0.8551634791493629,0.33434945974772096,0.9953389383565335
191,2.6763248545823726,2.723651530622897,1.5605452530865254,3.5209299787087835,0.8011655194765435,0.8569117338737616,0.3358842283551805,0.9954835517201598
192,2.671103552247778,2.7189681834036765,1.5517164054949246,3.518404887547929,0.8027912638711177,0.8586826834916352,0.33763257793868684,0.9956049513177401
193,2.6657988192411395,2.714354255190271,1.5429926032429695,3.514788409716464,0.8044500548233505,0.860409439087225,0.3401443373684665,0.9957217138809551
194,2.660480711375591,2.709076606790676,1.5329028194600915,3.5110045434836437,0.8061027365674593,0.8623628802846448,0.3427820022386029,0.9958529153454193
195,2.655214227330228,2.7040153544657537,1.5224462478527048,3.5081100405363648,0.8077118929214752,0.8642145934058303,0.3448063099212698,0.9959846586020921
196,2.649930988652822,2.698907473028025,1.5116219448641162,3.506504366064819,0.8093164311202161,0.8660620374077383,0.345931672931489,0.9961166452426573
197,2.6446173944813887,2.694729121110301,1.501125450197823,3.503361181795448,0.810922135830826,0.8675574425552599,0.34813964798171576,0.996240505018373
198,2.639326778051138,2.6900617294211284,1.4919893380278564,3.501042595370546,0.8125045091376977,0.8692111204234915,0.34977256816000996,0.9963451032522376
199,2.634042418511051,2.685385765300576,1.4820935673314122,3.498652106363403,0.8140691916639748,0.8708502110391643,0.3514598289635675,0.9964551310255652
200,2.6287242016679673,2.6796806728693463,1.4710573122685324,3.496745684077068,0.8156353557818526,0.8728263224436809,0.3528080851165144,0.9965739498538346
201,2.6233991093373663,2.6744374641346296,1.4608885092536354,3.493323023000046,0.8171957535088051,0.8746196105239721,0.35523455213654354,0.9966799127584642
202,2.618104950475474,2.6699907426613234,1.4522020515115313,3.4908867697448662,0.8187265334188305,0.876123466716495,0.3569662437987682,0.9967678372750751
203,2.6128198424884848,2.6648173011495224,1.441994546576079,3.4868464698300383,0.8202342851689478,0.8778535802684648,0.35984635488562916,0.9968681964947841
204,2.607480313200165,2.6595307836487225,1.4311897725713467,3.483432492492211,0.8217586298603717,0.8795999821288902,0.36228789925064064,0.9969710466375225
205,2.6021083201865727,2.6542920905418272,1.4197583609599103,3.480570344818232,0.8232951064819006,0.8813092570502754,0.36434029415049884,0.9970761967613346
206,2.59675461450239,2.649303165729158,1.4089188295958022,3.477925695426466,0.8248031487576998,0.8829175230054507,0.3662411240441282,0.9971725386220427
207,2.5914490419672154,2.6448660606196635,1.398651246859863,3.4753433447833415,0.8262650447832055,0.8843319651216153,0.3681011959539912,0.997260875679705
208,2.5861423913774817,2.6398930654990833,1.3897454707306647,3.473228335281878,0.8277239155020326,0.8858995604975337,0.3696275749223107,0.9973352636958491
209,2.5807951132214035,2.6348086934308137,1.3815368692000476,3.470333636218189,0.829194235250185,0.8874830990455538,0.37172088166530565,0.9974020429349929
210,2.575427972988262,2.6294814118735133,1.3733854862026251,3.4673942754674068,0.8306513508576648,0.8891216693022215,0.3738514155791728,0.9974667046778438
211,2.570069853164129,2.62455687934728,1.3637201835509394,3.4641394242700345,0.8320921260635021,0.8906177460712275,0.37621636198114616,0.9975412990604459
212,2.564737367391687,2.6195727295545037,1.352308868393885,3.46145523956237,0.8335170768405012,0.892113875633288,0.3781711044157197,0.9976265524104287
213,2.559401878970681,2.6152239605787218,1.340452995574235,3.459129855449768,0.834926483783024,0.893404542269602,0.3798677573307081,0.9977120044477743
214,2.5540390438705014,2.6108429590664484,1.3279416947031144,3.4567153248905944,0.8363285189116972,0.8946910271360158,0.38163257550287927,0.9977988543013752
215,2.5486701065524406,2.6059276921818624,1.316254163702648,3.4544102562727397,0.8377282256838918,0.8961180631490067,0.38332030664425104,0.9978770110275854
216,2.543309189186489,2.600444656241495,1.3064113875845038,3.4522111873184804,0.8391165948993407,0.8976897394028387,0.38493305156538393,0.9979406791654242
217,2.537943538979424,2.595098765925597,1.2951002819908355,3.448530527039556,0.840488160378535,0.8992017842169187,0.3876380189193985,0.9980114956368035
218,2.5325995910777,2.590600437901319,1.285105059679867,3.4458033274143207,0.841833563089693,0.9004586965395276,0.38964675060866766,0.9980720479948789
219,2.5272462217673644,2.585363281649795,1.2750947204238594,3.443042044970425,0.8431784479279668,0.9019044704363062,0.39168441445770175,0.9981308476210389
220,2.52184012468265,2.5806370388984408,1.2643739817961324,3.439494545577127,0.8445401172787126,0.9031931042209543,0.394307804900676,0.9981918362032255
221,2.516409479146861,2.5755769914006565,1.253900859447704,3.435635633240668,0.8458965219371232,0.904555981498352,0.39716841273539905,0.9982494971510456
222,2.511040117730702,2.570624578905039,1.2431454534956847,3.4330421537009252,0.8472078283336919,0.905873222253619,0.3990949228877369,0.9983068023091526
223,2.5056897319120153,2.5658609464088142,1.232299115872468,3.429401437165631,0.8485018682863756,0.9071248564138704,0.40180462102510756,0.9983626959739628
224,2.5002898794664885,2.560871296861225,1.222225817000738,3.4259344678194426,0.84980884368474,0.9084198374383394,0.40439059966442675,0.9984129545916776
225,2.494887577824731,2.5559681835456916,1.2114196810804068,3.4227782252644308,0.8511039307347422,0.9096765190984109,0.40674943217844245,0.998465158116516
226,2.489507555583373,2.5518318287136212,1.2011655201605227,3.4197758274350027,0.8523758722515382,0.9107245659289789,0.40899728869525903,0.9985131086794908
227,2.4841082876036364,2.5462502812873002,1.1914189489057982,3.415951457449045,0.8536474658822539,0.9121214247421754,0.41186605765205403,0.9985572973327317
228,2.4786891282108754,2.5414345491816044,1.181393949990863,3.412819563532185,0.8549165181776621,0.9133107127175115,0.4142198540996909,0.9986013808202145
229,2.4733020621601476,2.536750287157963,1.1704305545280906,3.409456236726955,0.856156612145537,0.9144535439265925,0.4167519559697384,0.9986480527471994
230,2.4679241467857604,2.5317358218299013,1.1584285330045778,3.406367419630268,0.8573825583966834,0.9156617815290115,0.4190812688020421,0.9986973657321261
231,2.4625033159954874,2.5274653779042513,1.1468573129158561,3.4026863792761692,0.8586204639466297,0.9166785069324651,0.42186189293309695,0.9987432070590153
232,2.457068880994111,2.5223854076931413,1.134667458894355,3.3990858498038152,0.8598517727388476,0.9178734519916456,0.42458650282055127,0.998789757547538
233,2.4516823179637806,2.5172643199461024,1.1225678232227905,3.3965291914951026,0.8610439874633466,0.9190622558270986,0.4265239876881317,0.99883425994038
234,2.446307203022235,2.5131880172043384,1.1119749660814295,3.3938397698622986,0.862224337344183,0.9199972838501984,0.42856451623564273,0.9988718761674005
235,2.440868523334312,2.5078072500557074,1.1026229576270792,3.391138570953474,0.8634296493146562,0.9212164279703459,0.4306164291842313,0.9989040769594829
236,2.4353912745798665,2.503450581618775,1.0938239783796233,3.3880952510046227,0.8646371560353444,0.9221910663886927,0.43293108298036026,0.9989335345308455
237,2.429970254247849,2.499100237351284,1.0827714474706158,3.3854781406404486,0.8658030599291433,0.9231532529413431,0.43492392263821533,0.9989694189797192
238,2.4245771193418504,2.4939986296802124,1.0728718557994015,3.3828887347868535,0.8669497648960869,0.9242677164189859,0.4368977380690921,0.9990005346422
239,2.419136831411599,2.488864306167561,1.0620967135860424,3.3791330677193896,0.8681095519590799,0.9253743191304686,0.4397640960344294,0.9990333365774603
240,2.4136861794137934,2.483665599283209,1.0516020364060235,3.37585066401331,0.8692577004034936,0.9264796352474793,0.44227255439027136,0.9990642506028475
241,2.4082813149724127,2.4789394398605435,1.041549743564682,3.373160042311154,0.8703762458836096,0.9274713815974038,0.4443309686686701,0.9990929348197333
242,2.4028595981882965,2.473691932041011,1.0317248052661452,3.3705361392988338,0.871498357843962,0.9285580718867719,0.4463401834622018,0.9991201211383699
243,2.397383264474262,2.4682773215793583,1.0220197630516847,3.3682947227712883,0.8726284248755759,0.9296635950352288,0.4480579076180533,0.9991461763602053
244,2.3919354032891826,2.462990319593258,1.0126099779675,3.365982785083432,0.8737323322403783,0.9307277874603099,0.44983097524776655,0.999170702414287
245,2.386534955335925,2.458262389154039,1.0025807177557207,3.363338282293489,0.8748122679086883,0.9316668050506955,0.4518606561099742,0.9991960688120191
246,2.381088341740852,2.4529955387118134,0.9926804621367011,3.360362484418718,0.8759028765435763,0.9326989600407243,0.45414652028277863,0.9992203483716083
247,2.3756036508204414,2.44734099279484,0.9828032428191819,3.3573237398026814,0.8769935241201067,0.9337909795230401,0.4564827316784015,0.9992438411246668
248,2.3701743694322577,2.442184702868662,0.9712898004378293,3.3546482550411216,0.8780521062117479,0.9347723963895449,0.45854125715406685,0.999270334637065
249,2.36477139128902,2.4374572502836114,0.9614067055004438,3.3520747398449315,0.8790947927105781,0.9356602909279621,0.46052266358227817,0.9992923349019791
250,2.3592979869742767,2.432297819458266,0.9492417367342078,3.349495271618629,0.8801527718002747,0.9366164648123665,0.4625099059371829,0.999318507498907
251,2.353799332195381,2.427085980588884,0.9402963658891502,3.3456773266673054,0.8812128046212949,0.9375688851752325,0.46545345376659925,0.9993371332618102
252,2.3483495111489954,2.4219158051699186,0.9302616356829212,3.343416010312781,0.8822483663347568,0.9385004795379659,0.46719802138891153,0.9993574234408732
253,2.342896403889743,2.4170549176340086,0.9201675581704716,3.3410029721532064,0.8832706435248517,0.9393644821811069,0.46906052336627496,0.9993772066817191
254,2.3374076211590626,2.411836469067901,0.9105980007285435,3.338560582674977,0.8842915761873541,0.9402793915323366,0.4709465605825443,0.9993954001278338
255,2.3319442477845427,2.4068315267701674,0.900966347281779,3.3362254664603084,0.8853002555149733,0.941144713424019,0.4727505364946171,0.9994131752329848
256,2.3265177291024406,2.4025544088105515,0.8908429084885231,3.333640840245993,0.8862895666552325,0.9418748668811918,0.4747480978420452,0.9994312950503953
257,2.321034813954588,2.3970909025747487,0.880425371733372,3.330131782241264,0.8872817492741583,0.9427951942956025,0.4774613999963451,0.9994493576875588
258,2.3155359551063053,2.3919587302915843,0.8704974124928937,3.3272677266768946,0.8882714281495698,0.9436472249069938,0.4796769617952839,0.9994660375660543
259,2.310086293827342,2.387020711485798,0.860681765685283,3.3244340001076007,0.8892431783066673,0.9444557446695687,0.48186984929268656,0.9994820321205906
260,2.304628022776898,2.381981190960529,0.8502418250174678,3.3221768168357246,0.8902045199885815,0.9452696197329202,0.48361708124520386,0.9994985189346499
261,2.299118248788773,2.376452412706126,0.8401452939947709,3.3196228161149994,0.8911668608472181,0.9461495792577,0.48559455196982204,0.9995139643123162
262,2.29363419964017,2.371764203701764,0.8304214501084365,3.3172997690173758,0.8921204412109891,0.9468852853254441,0.4873935979733963,0.999528389758918
263,2.2881927356441714,2.366868773491456,0.8203868822468218,3.3150448929468674,0.8930566760966744,0.9476433759290473,0.4891401627826033,0.9995428280234817
264,2.2827066285952133,2.361610026509158,0.8118275731470709,3.3128829819788552,0.8939840097844489,0.9484463348114286,0.4908149690110751,0.9995547935065803
265,2.2772009589036903,2.356655684889943,0.8007634979210002,3.31022667283104,0.8949098443783979,0.9491921489887676,0.4928730579927135,0.9995697983002606
266,2.2717319189012364,2.3518450105731237,0.789636083111496,3.307404613233777,0.8958332634125687,0.9499065547676748,0.495059832400484,0.9995843789302604
267,2.2662446778707346,2.3469994315687037,0.778798308335625,3.3052606105899436,0.8967507181049644,0.9506165140567824,0.4967213206191071,0.9995981052009605
268,2.2607131568943926,2.3421180753584028,0.7697911131864938,3.3031735635089134,0.8976558983997602,0.9513220709701656,0.4983387411627136,0.9996091674867372
269,2.2552137648264443,2.3369386727690302,0.7598883363922135,3.300611499805495,0.8985520598886214,0.9520602404784599,0.5003243342421851,0.9996209786688651
270,2.2497570767760116,2.331890501770362,0.749448653583805,3.2979357850408904,0.899438711172585,0.9527694668200871,0.5023979948451887,0.9996330441976069
271,2.2442507264544314,2.3268237564924634,0.7394816407270873,3.295406954404525,0.9003167168490565,0.9534712707736887,0.5043577466331606,0.9996442049724517
272,2.2387300941177988,2.3214507681843495,0.7305653870049098,3.291995106128821,0.9011859321883825,0.9542046381104243,0.5070015810143765,0.999653901227399
273,2.233256885577987,2.316560748621244,0.7216621644171374,3.289707805377272,0.9020505786800491,0.9548625297245039,0.508773796738091,0.999663319564387
274,2.2277742637719378,2.311581108517524,0.7121685469295668,3.286041008180144,0.9029096460629659,0.9555232081604067,0.5116143747163882,0.999673080407187
275,2.222235869565344,2.3068756028694852,0.7005889062991847,3.2825504743145597,0.9037583396755076,0.9561390355603305,0.5143177133039575,0.9996846043397227
276,2.216728404568262,2.3020877393273116,0.6898942036601289,3.278927754066004,0.9045986639855104,0.9567572863555324,0.517122539179314,0.9996948862975149
277,2.211258673893124,2.2966600675504782,0.6786620663885112,3.2764025515716826,0.90543571010448,0.9574480905442682,0.519077004094619,0.9997053243369627
278,2.2057345800267707,2.2914892390260833,0.6677513344133044,3.273980455140455,0.9062665801063348,0.95809638718704,0.5209511182763524,0.999715121712538
279,2.2002026944650472,2.2865245496065834,0.6562109751854972,3.2711630109912,0.907081407440355,0.9587099442487023,0.5231303915069591,0.999725130358078
280,2.1947294308035143,2.2814481765535595,0.6448079084770753,3.2683840208845645,0.9078881871027327,0.9593284085786592,0.5252790571687037,0.9997346746267737
281,2.189235125942086,2.2762818080352027,0.6338917962518716,3.265921024033772,0.9087002744876707,0.9599487256173188,0.5271826242608708,0.9997435006836439
282,2.183662916699551,2.2709341970156762,0.6225052367596936,3.2631973234861644,0.9095115601772706,0.960581249669335,0.5292867589232337,0.9997523945062197
283,2.178139115559261,2.265517176821704,0.6109982041014866,3.2603786194189257,0.91030292778166,0.9612122109043313,0.5314631890695616,0.9997610693759509
284,2.172667272230485,2.2603695132782136,0.6000477882192369,3.257729405202901,0.911084670473883,0.9618028098867926,0.5335076603611578,0.9997690422599835
285,2.1671232502404854,2.255014382177258,0.5891913425637684,3.2552705669217805,0.9118718049154686,0.9624080408826199,0.5354042083831988,0.999776684092291
286,2.1615620138674636,2.250187149069218,0.5793737955379877,3.2526969147581704,0.9126475825654005,0.9629457060047041,0.5373882166701764,0.9997833767230436
287,2.156078264353631,2.244926934666746,0.568411056969337,3.250407677944458,0.9134037573699568,0.9635231743014164,0.5391519796136739,0.9997906133587512
288,2.1505884222415412,2.2402274728254126,0.5571646280549296,3.2478552233918956,0.9141601596603895,0.9640317558957412,0.5411173843781228,0.9997977860818977
289,2.145016821791727,2.235213382583516,0.5452081003852373,3.2446789496285757,0.914920787420431,0.9645668562366609,0.5435613403928278,0.9998051426329309
290,2.139482354126578,2.2300827422115193,0.5353860920916692,3.241571036411448,0.9156650581774999,0.9651064400626097,0.5459506695325208,0.9998109851315858
291,2.134005603862303,2.225390804799481,0.5261993457123902,3.2381624519254797,0.9163956361521607,0.965592970053194,0.5485687155677773,0.9998162911537627
292,2.1284631605997775,2.220277099682581,0.5159491928372345,3.2357094850904415,0.9171327208166585,0.9661157706375688,0.5504511233106419,0.9998220358252767
293,2.122883339539025,2.2147688665447025,0.5058010738617509,3.233187419064671,0.9178676824580243,0.9666703291677587,0.5523850514832641,0.9998275463598141
294,2.1173816488868438,2.2099987090713897,0.49627392291980593,3.22999222297435,0.9185803998904949,0.9671434905097516,0.554832855893708,0.9998325643094714
295,2.1118974626025535,2.205097888004505,0.4864388557748877,3.2263881844205478,0.9192835965126461,0.9676228520241595,0.5575906759058811,0.9998375913114345
296,2.1063234214126423,2.1996019050567197,0.47690701284958376,3.2238980272768742,0.9199977543095234,0.9681523874296505,0.5594940854346464,0.9998423192630378
297,2.100750415555169,2.194429250014215,0.4677994236851321,3.2220867015655315,0.920710121719481,0.9686431123619328,0.5608775253500002,0.9998467081105016
298,2.0952467621935766,2.1889215449422386,0.4581335315782033,3.2200177657327393,0.9214039331447933,0.9691575759184639,0.5624565595765371,0.9998512324287905
299,2.0897199042212957,2.1834521339378523,0.4484202072870248,3.2181050853661457,0.9220880974825797,0.9696603765925169,0.563915213596362,0.9998556444731546
300,2.084130254674162,2.178026497623679,0.4392400987533895,3.215911156057417,0.9227791777799226,0.9701513026344828,0.5655869919337339,0.9998596939534893
301,2.078589096440548,2.172338309603137,0.42842307425540965,3.2139728098600853,0.923460543419112,0.9706577141839958,0.567062775511112,0.9998643202161633
302,2.0730895569878585,2.1665372441382544,0.4169845355349678,3.2111661936803393,0.9241236692781908,0.9711655901555285,0.5691975148134739,0.9998690466168294
303,2.0675241567234837,2.1611759457082247,0.4060907628111617,3.207584845564316,0.9247877283625323,0.9716273736505896,0.5719177789245056,0.9998733946981735
304,2.0619514621624724,2.1557778832904,0.39499030350451175,3.2047403509425645,0.9254534190164726,0.9720850672254386,0.5740752731595681,0.999877676872249
305,2.0564404241337013,2.151090176059791,0.3834878216435874,3.2029674642060977,0.9261050527612692,0.9724767061544455,0.5754185539958169,0.9998819613786789
306,2.0509081625314862,2.1460894715558063,0.37248243673882175,3.2014069520848776,0.9267459360547616,0.9728886041707523,0.5766000011308329,0.999885920104347
307,2.045322537365394,2.14106224968965,0.36234158798963517,3.1990555357660804,0.9273911586726961,0.9732966520991996,0.5783785765296732,0.999889450208704
308,2.0397733913551326,2.1358706457231196,0.35274869967410505,3.1967469488185167,0.9280328073585337,0.9737117689581658,0.5801227805993253,0.999892688889973
309,2.0342517497711174,2.130683429489629,0.3426099181071254,3.1949570423459406,0.9286602356137633,0.974120260218498,0.5814737346229308,0.9998960088548007
310,2.0286900401968295,2.1260238819900286,0.3324787458879852,3.192767749367858,0.9292787559224022,0.9744819117183825,0.5831244656853263,0.9998992237958743
311,2.023116876393886,2.1214670190532345,0.32287614392147734,3.189674951636637,0.9299012258721632,0.9748308568899438,0.5854532629085337,0.9999021791967337
312,2.017578873768143,2.1160628385184435,0.3130142594664032,3.1857136327015723,0.9305212683948053,0.9752386474019028,0.5884304420893308,0.9999051242914115
313,2.0120215497794507,2.1111521406646574,0.3027956149322658,3.1819661906518277,0.9311314714112751,0.9756036135909822,0.5912409253350697,0.999908082428455
314,2.0064380196593765,2.10644830488447,0.29307097777444574,3.1798343503808484,0.9317347525486813,0.9759482837527834,0.5928371268516407,0.9999108118257116
315,2.000882418140883,2.1009024713619397,0.2833772946440089,3.1772048132153583,0.9323357226950769,0.9763485510273942,0.5948032708475901,0.9999134518254359
316,1.995336775203739,2.0957961630388615,0.2730612546728243,3.174373593230212,0.9329308405582728,0.9767113442396202,0.596916814179594,0.9999161755381721
317,1.989763603615262,2.091173386941853,0.26309576011241365,3.1721836599865814,0.9335159363227956,0.9770350971424735,0.5985491751980007,0.9999187251776243
318,1.9841904171282156,2.085222961870499,0.25350391622227264,3.169259586593388,0.9340972029690227,0.9774453617138865,0.6007253340305,0.999921105898733
319,1.9786391453586192,2.080131676787947,0.2433039975589613,3.166165296644196,0.934678373741818,0.9777907057729379,0.6030238551144301,0.9999235611588548
320,1.9730787695431664,2.074753331205722,0.233207692171796,3.1630447286926997,0.9352505568752535,0.9781499036750746,0.6053372874374054,0.9999259163527695
321,1.967509099119607,2.070178100120128,0.22361911053348013,3.160271659939871,0.935811960663355,0.9784509903629877,0.6073891615814834,0.9999280858328394
322,1.961946029804121,2.0652594160323305,0.21365304639681146,3.158277959748311,0.9363739186734507,0.9787701456125466,0.608862024714086,0.9999302733850669
323,1.9563798096893275,2.0602886451845785,0.20341992702316194,3.155285891282418,0.9369363620925202,0.9790879948320181,0.6110686989227424,0.9999324504376056
324,1.9508025478725886,2.0556735491133145,0.19203515939313653,3.152151596931006,0.937488539190033,0.9793789237330983,0.6133753816568469,0.9999347929103075
325,1.9452377862275447,2.0506058086752907,0.18089827320822774,3.1497123006212444,0.9380296265817178,0.979693821032549,0.6151671264298824,0.9999370056477687
326,1.939685345285833,2.0453119168530005,0.1697807151724128,3.1465453454508916,0.9385693444235527,0.9800177449052554,0.6174886493837832,0.999939139666291
327,1.9341120858144367,2.040577357018982,0.15809716711805652,3.1438471589406216,0.9391108027386613,0.9803031508062936,0.619462323659166,0.9999413045337624
328,1.9285211814168883,2.0353487001669883,0.14683740640350768,3.1416804645039784,0.9396475524864473,0.9806137001768316,0.6210443871913665,0.9999433179043706
329,1.9229401425029566,2.029974592017311,0.1358367966330577,3.1396111136692553,0.9401765115279189,0.9809278835943482,0.6225529807260038,0.9999452181997862
330,1.9173715002621825,2.0250601682040577,0.12418507478364069,3.1368729617925917,0.9407010782786103,0.9812108254677038,0.6245454780390846,0.9999471615727727
331,1.9117928120030316,2.0195939045088886,0.11279556177530345,3.1333556276417385,0.9412216485606517,0.981520698291553,0.6270987727804912,0.9999489945336375
332,1.9062110239124406,2.0140718841364116,0.10274185251479283,3.131367042672472,0.9417348006159395,0.9818286411977436,0.6285392223718126,0.9999505595979571
333,1.900639263722529,2.008764564741667,0.09396749368199718,3.1284640793669563,0.9422418446915682,0.9821198611678428,0.6306378812010388,0.9999518861898928
334,1.8950588116161544,2.0037792047308245,0.08471338686409015,3.125656607296097,0.9427495180319722,0.9823892373090443,0.632662817651687,0.9999532467716798
335,1.8894688208413055,1.9989791771616656,0.07463555119281877,3.1226523162328768,0.9432534456995055,0.9826448340826168,0.6348245593651193,0.9999546847384375
336,1.8838859299380983,1.9930190673392452,0.06209071854398931,3.1196852994738458,0.9437470984217036,0.9829571345522082,0.6369541510121939,0.9999564131553157
337,1.8783228450901839,1.9875913671166159,0.05098875193764045,3.117713726568593,0.9442339816468864,0.9832367301781961,0.6383662949205972,0.9999578876537512
338,1.8727443220383975,1.9827540897247002,0.03854822154172482,3.115430358194352,0.9447230956569772,0.9834821082515617,0.6399987843688678,0.9999594807680323
339,1.8671484350846825,1.977151478834119,0.027143573598779055,3.111931333576183,0.9452087866459147,0.9837618964285804,0.6424941175795934,0.999960888213122
340,1.8615618803945515,1.9711570531938085,0.016767226143131534,3.1082348366931742,0.9456848093253426,0.9840560922378314,0.6451218875385859,0.999962126156521
341,1.8559948372809343,1.9658400307711759,0.006035271083120494,3.104652682913183,0.9461552236979284,0.9843126486682066,0.6476600693328425,0.9999633654589749
342,1.8504132827978672,1.960310793575784,-0.004216251017820187,3.102034925963108,0.9466270594451269,0.9845751362059194,0.649509693586017,0.9999645113689335
343,1.8448057578433428,1.9552404720028402,-0.014319558356711544,3.099075790472995,0.9470968508614859,0.9848120359641003,0.651595096032057,0.9999656056213165
344,1.8392175718614585,1.9506294113056348,-0.02505945791515863,3.0954837350377273,0.9475587382714935,0.9850243586981091,0.6541187502888076,0.9999667318629932
345,1.8336374306010192,1.9456732812006332,-0.0352320132684977,3.0926373906987763,0.9480173317305273,0.9852493225518424,0.6561123582219828,0.9999677645718236
346,1.8280351075884442,1.9401246300069181,-0.04512678027704829,3.090260467559078,0.9484742669668947,0.9854972291591063,0.6577729793308913,0.9999687383124307
347,1.8224333857643702,1.935520327936886,-0.05482614262448006,3.0882544261825826,0.94892407116263,0.9856998218455423,0.6591714853800269,0.9999696642644029
348,1.8168626051262544,1.9309521447322575,-0.0640964826761651,3.086406896859857,0.9493653558210461,0.985898070462881,0.6604570405141851,0.9999705236022403
349,1.8112790144407387,1.9253451483104196,-0.0750899516617597,3.083984196697489,0.9498074300249904,0.9861376973782865,0.6621392328806953,0.999971511212088
350,1.8056581958327038,1.9193704030053242,-0.08649956294795039,3.0817289036800974,0.9502493499264678,0.9863886269660295,0.6637015095795871,0.9999725012238913
351,1.80006479952048,1.9141782881908034,-0.09740453154135806,3.078193969606193,0.9506825861312221,0.9866030433135641,0.6661429988158227,0.9999734152702806
352,1.7944962758417073,1.9089403427264813,-0.10817261536405354,3.074516695348091,0.9511078962602576,0.9868159636772781,0.6686733244520655,0.9999742880271825
353,1.7888925483912288,1.9043950376692962,-0.11955404212826203,3.0707320627141157,0.9515350931187104,0.9869980249845268,0.6712673332698788,0.9999751793685144
354,1.7832777972203262,1.8987937398375205,-0.13069311222128666,3.0668273934790418,0.9519601468473536,0.9872189996097237,0.6739326788004254,0.9999760218033312
355,1.777700336650267,1.8934419198605967,-0.1414929102552231,3.0633654084828787,0.9523756314464963,0.9874266459006036,0.6762865850581365,0.999976811267678
356,1.7721206612019644,1.8885758938391406,-0.1528969933898654,3.0607537476350144,0.952786109248617,0.9876125635455719,0.6780567099213589,0.9999776167100667
357,1.7665014906914762,1.8829555449917437,-0.16407340982806218,3.058069013916847,0.9531992508870853,0.9878239164423095,0.6798709444900387,0.9999783789279694
358,1.7608982136267122,1.8776951076883046,-0.17478446990919025,3.0549206396237087,0.9536099354295032,0.9880185020953625,0.6819914635674398,0.9999790850376618
359,1.755314209320864,1.8730272243286443,-0.1860253509223267,3.0517603345729256,0.9540127734490023,0.9881886006408602,0.6841124368461848,0.9999798012891178
360,1.749704188708427,1.8679967489741482,-0.19736262781161484,3.0492946635036478,0.954412640348149,0.9883692397749722,0.68576190490694,0.9999804988402593
361,1.7440842762305033,1.863176391490669,-0.2078870638025498,3.047180780814832,0.9548133327949092,0.9885397686074924,0.6871723138071106,0.9999811248016155
362,1.7384885584276384,1.8585294783048851,-0.2180186572731164,3.0448886626371574,0.9552083926197512,0.988701820191533,0.6886977311553228,0.9999817084060256
363,1.732907386123692,1.8530367287927358,-0.2287194558655912,3.0429093465808026,0.955595909316974,0.9888904573498876,0.6900116938390473,0.999982305220466
364,1.7273308317496787,1.8479889301131545,-0.2383407777244951,3.0406119772128553,0.9559828514939765,0.9890610614351873,0.6915329686834012,0.9999828251664058
